Name,Rating,Price,Userscore,User_Reviews,Publisher,Facebook,Brand,Franchise,Sales,Reviews,S_Positive,Beta,Week1,Week2,Week3,Week4,Week5,Week6,Week7,Week8,Week9,Week10,ReleaseDate,Website,Genre,BetaStart,Beta_Source,Developer
Okami HD,92,19.99,7.7,140,CAPCOM,1187880,1,0,167000,2441,91,0,74000,87000,94000,102000,105000,105000,106000,122000,141000,155000,12/12/2017,http://www.okami-game.com,Action,,,
STEINS;GATE 0,90,34.99,8.1,7,Spike Chunsoft,15132,0,1,36000,1184,96,0,16000,19000,20000,20000,20000,20000,20000,21000,21000,22000,5/8/2018,https://store.steampowered.com/app/825630/STEINSGATE_0/,Adventure,,,MAGES. Inc.
Bayonetta,90,19.99,8.2,343,SEGA,1762888,1,0,623000,5843,92,0,,,,,,,184000,186000,191000,212000,4/11/2017,https://store.steampowered.com/app/460790/Bayonetta/,Action,,,Platinum Games
Out of the Park Baseball 19,90,19.99,5,4,Out of the Park Developme,8062,0,1,124000,530,83,2,8000,8000,8000,8000,9000,9000,10000,10000,11000,12000,3/22/2018,https://store.steampowered.com/app/619290/Out_of_the_Park_Baseball,Simulation,,https://www.operationsports.com/out-of-the-park-baseball-19-,
Opus Magnum,90,19.99,8.3,8,Zachtronics,1273,0,0,122000,1713,97,3,44000,51000,57000,60000,60000,64000,66000,65000,63000,69000,12/7/2017,https://store.steampowered.com/app/558990/Opus_Magnum/,Simulation,,,
Into the Breach,90,14.99,7.6,256,Subset Games,747,0,0,323000,4798,92,0,,,,,,236000,236000,240000,241000,241000,2/27/2018,https://store.steampowered.com/app/590380/Into_the_Breach/,Strategy,,,Subset Games
Dear Esther: Landmark Edition,90,9.99,6.1,14,The Chinese Room,2033,0,1,820000,531,77,0,,,,,,,,,,,2/14/2017,https://store.steampowered.com/app/520720/Dear_Esther_Landmark_Edi,Adventure,,,The Chinese Room
F1 2017,89,59.99,7.5,78,Codemasters,127620,1,1,226000,2207,84,1,73000,83000,90000,100000,104000,105000,109000,118000,118000,120000,8/24/2017,https://store.steampowered.com/app/515220/F1_2017/,Racing,,,
Rez Infinite,89,24.99,7.6,176,Enhance Games,604,0,1,31000,464,90,0,15000,16000,15000,16000,18000,17000,18000,18000,17000,17000,8/9/2017,https://store.steampowered.com/app/636450/Rez_Infinite/,Shooter,,,Enhance Games
Pinball FX3,89,23.97,6.1,7,Zen Studios,25429,0,1,109000,939,79,1,,,,,,,,,,,9/26/2017,https://store.steampowered.com/app/442120/Pinball_FX3/,Simulation,,https://www.pinballfx.com/?page_id=7194,
What Remains of Edith Finch,89,19.99,8.2,381,Annapurna Interactive,10049,0,1,407000,10034,95,0,,,,,25000,26000,27000,37000,50000,58000,4/25/2017,https://store.steampowered.com/app/501300/What_Remains_of_Edith_Fi,Adventure,,,Giant Sparrow
Return of the Obra Dinn,89,19.99,7.8,152,3909,0,0,0,108000,3015,97,0,17000,26000,30000,35000,42000,55000,58000,60000,67000,80000,10/18/2018,https://store.steampowered.com/app/653530/Return_of_the_Obra_Dinn/,Adventure,,,Lucas Pope
Pillars of Eternity II: Deadfire,88,49.99,7.8,498,Obsidian Entertainment,70758,0,1,297000,3330,81,3,97000,113000,111000,136000,144000,137000,137000,132000,132000,132000,5/8/2018,https://store.steampowered.com/app/560130/Pillars_of_Eternity_II_D,RPG,11/15/2017,https://eternity.obsidian.net/news/pillars-of-eternity-ii-de,Obsidian Entertainment
Celeste,88,19.99,7.7,230,Matt Makes Games,0,0,0,257000,6496,97,0,,,,,,,,,59000,61000,1/25/2018,https://store.steampowered.com/app/504230/Celeste/,Adventure,,,Matt Makes Games
Night in the Woods,88,19.99,7.7,224,Finji,2299,0,0,211000,6123,94,1,,,,,,,,,,,2/21/2017,https://store.steampowered.com/app/481510/Night_in_the_Woods/,Adventure,,,Infinite Fall
Total War: Warhammer 2,87,59.99,7.5,245,SEGA,1762888,1,1,1253000,8424,87,0,416000,453000,473000,492000,505000,515000,526000,537000,556000,574000,9/28/2017,https://store.steampowered.com/app/594570/Total_War_WARHAMMER_II/,Strategy,,,
NBA 2K18,87,59.99,,171,2K,1054908,1,1,990000,13180,27,0,122000,140000,157000,164000,169000,176000,190000,192000,204000,210000,9/14/2017,https://store.steampowered.com/app/577800/NBA_2K18/,Sports,,,
Injustice 2,87,49.99,8.1,651,WB Games,547880,1,1,250000,2621,79,2,30000,39000,47000,57000,62000,61000,59000,64000,63000,73000,11/30/2017,https://store.steampowered.com/app/627270/Injustice_2/,Action,11/6/2017,,
Zero Escape: The Nonary Games,87,44.99,8,77,Spike Chunsoft,15132,0,1,25000,620,94,0,,,,,,,,,,8000,3/24/2017,https://store.steampowered.com/app/477740/Zero_Escape_The_Nonary_G,Adventure,,,Spike Chunsoft
Unavowed,87,14.99,7.8,72,Wadjet Eye Games,6282,0,0,30000,523,95,0,17000,18000,19000,19000,20000,21000,21000,22000,22000,23000,8/8/2018,https://store.steampowered.com/app/336140/Unavowed/,Adventure,,,Wadjet Eye Games
Assassin's Creed Odyssey,86,59.99,5.6,1061,Ubisoft,5622958,1,1,1061000,19021,82,1,296000,304000,316000,331000,449000,523000,808000,1031000,1059000,1044000,10/5/2018,https://store.steampowered.com/app/812140/Assassins_Creed_Odyssey/,Action,,https://www.cnet.com/how-to/google-project-stream-beta-sign-,
Wolfenstein 2: The New Colossus,86,59.99,6.7,984,Bethesda Softworks,898527,1,1,608000,9154,69,0,182000,199000,209000,278000,331000,352000,361000,380000,434000,458000,10/26/2017,https://store.steampowered.com/app/612880/Wolfenstein_II_The_New_C,Shooter,,,Machine Games
Football Manager 2019,86,49.99,6.4,58,SEGA,1762888,1,1,406000,2164,72,2,306000,326000,348000,349000,359000,364000,370000,376000,383000,384000,11/2/2018,https://store.steampowered.com/app/872790/Football_Manager_2019/,Simulation,10/18/2018,https://www.pcgamesn.com/football-manager-2019/football-mana,
RimWorld,86,34.99,8.9,230,Ludeon Studios,3978,0,0,1558000,30434,97,3,1285000,1288000,1286000,1288000,1299000,1423000,1456000,1453000,1453000,1453000,10/17/2018,https://store.steampowered.com/app/294100/RimWorld/,Strategy,,,Ludeon Studios
Yakuza 0,86,19.99,8.1,80,SEGA,1762888,1,1,356000,4672,82,0,92000,116000,131000,144000,151000,158000,164000,177000,188000,194000,8/1/2018,https://store.steampowered.com/app/638970/Yakuza_0/,Action,,,SEGA
Out of the Park Baseball 18,86,19.99,6.6,7,Out of the Park Developme,8062,0,1,191000,468,91,1,,,,,,,,,,,3/24/2017,https://store.steampowered.com/app/465650/Out_of_the_Park_Baseball,Sports,1/11/2017,https://forums.operationsports.com/news/900462/out-of-the-pa,
West of Loathing,86,10.99,7.7,60,Asymmetric,461,0,1,215000,2867,97,0,52000,66000,79000,85000,90000,95000,97000,97000,99000,98000,8/10/2017,https://store.steampowered.com/app/597220/West_of_Loathing/,RPG,,,
Reigns: Game of Thrones,86,3.99,,,Devolver Digital,96192,1,1,46000,418,82,0,20000,23000,24000,25000,27000,31000,31000,38000,39000,41000,10/18/2018,https://store.steampowered.com/app/897820/Reigns_Game_of_Thrones/,Adventure,,,Nerial
DRAGON BALL FighterZ,85,59.99,7.6,108,BANDAI NAMCO Entertainmen,987828,1,0,360000,6509,80,2,180000,244000,274000,284000,290000,299000,299000,312000,321000,324000,1/26/2018,https://store.steampowered.com/app/678950/DRAGON_BALL_FighterZ/,Action,8/10/2017,https://www.primagames.com/games/dragon-ball-fighterz/news/d,
FINAL FANTASY XV,85,49.99,7.9,481,Square Enix,1003184,1,1,926000,12312,77,1,208000,260000,276000,287000,299000,296000,308000,318000,402000,405000,3/6/2018,https://store.steampowered.com/app/637650/FINAL_FANTASY_XV_WINDOWS,RPG,1/12/2018,https://www.gameskinny.com/tt1sk/final-fantasy-xv-releases-c,
Dominions 5 - Warriors of the Faith,85,39.99,7.8,5,Illwinter Game Design,505,0,1,22000,520,93,0,9000,14000,12000,12000,15000,13000,14000,14000,15000,16000,11/28/2017,https://store.steampowered.com/app/722060/Dominions_5__Warriors_of,Strategy,,,
Thronebreaker: The Witcher Tales,85,29.99,7.9,456,CD PROJEKT RED,301318,0,1,101000,2555,87,0,32000,44000,65000,72000,74000,76000,86000,90000,93000,93000,11/9/2018,https://store.steampowered.com/app/973760/Thronebreaker_The_Witche,RPG,,,CD PROJEKT RED
Bendy and the Ink Machine,85,19.99,7,33,Joey Drew Studios Inc.,2756,0,0,777000,1675,83,3,,,,,,,,,,,4/17/2017,https://store.steampowered.com/app/622650/Bendy_and_the_Ink_Machin,Adventure,2/15/2017,https://steamcommunity.com/app/622650/discussions/0/28602199,Joey Drew Studios Inc.
Planescape: Torment: Enhanced Edition,85,19.99,6.8,86,Beamdog,6223,0,1,202000,1062,94,0,,,,,,,,,,,4/11/2017,https://store.steampowered.com/app/466300/Planescape_Torment_Enhan,RPG,,,
SteamWorld Dig 2,85,19.99,8.4,36,Image & Form,7700,0,1,58000,1059,96,0,16000,16000,20000,22000,22000,22000,21000,23000,29000,31000,9/22/2017,https://store.steampowered.com/app/571310/SteamWorld_Dig_2/,Adventure,,,Image & Form
Rivals of Aether,85,14.99,8.5,17,Dan Fornace,6888,0,0,519000,4625,88,3,,,,,,,,,,,3/28/2017,https://store.steampowered.com/app/383980/Rivals_of_Aether/,Action,,,
Getting Over It with Bennett Foddy,85,7.99,4.7,38,Bennett Foddy,76,0,0,1177000,11971,79,1,,,,,,,,,,769000,12/6/2017,https://store.steampowered.com/app/240720/Getting_Over_It_with_Ben,Action,10/14/2017,https://steamcommunity.com/app/240720/discussions/0/14832329,Bennett Foddy
Assassin's Creed Origins,84,59.99,6.7,1156,Ubisoft,5622958,1,1,1285000,24952,85,0,292000,327000,355000,407000,449000,454000,462000,515000,585000,604000,10/27/2017,https://store.steampowered.com/app/582160/Assassins_Creed_Origins/,Action,,,
Nier: Automata,84,59.99,8.6,937,Square Enix,1003184,1,0,942000,31566,81,0,,,,,,,,,,362000,3/17/2017,https://store.steampowered.com/app/524220/NieRAutomata/,RPG,,,
Project Cars 2,84,59.99,7,144,BANDAI NAMCO Entertainmen,987828,1,1,285000,3621,71,1,72000,82000,85000,92000,93000,95000,98000,102000,121000,134000,9/21/2017,https://store.steampowered.com/app/378860/Project_CARS_2/,Racing,,,
Valkyria Chronicles 4,84,59.99,7.9,130,SEGA,1762888,1,1,63000,1231,86,0,24000,25000,26000,27000,28000,29000,29000,30000,38000,43000,9/25/2018,https://store.steampowered.com/app/790820/Valkyria_Chronicles_4/,Strategy,,,
Nioh: Complete Edition,84,49.99,6.7,199,KOEI TECMO GAMES,235852,0,1,490000,8671,75,1,,,,,,,,,,,11/7/2017,https://store.steampowered.com/app/485510/Nioh_Complete_Edition___,Action,8/23/2016,https://techraptor.net/content/nioh-director-yasuda-reveals-,
Frostpunk,84,29.99,8.4,443,11 bit studios,21807,0,0,1276000,20809,87,1,247000,541000,604000,644000,668000,691000,703000,721000,767000,790000,4/24/2018,https://store.steampowered.com/app/323190/Frostpunk/,Strategy,9/25/2017,https://steamcommunity.com/app/323190/discussions/0/14967417,11 bit studios
Field of Glory II,84,29.99,8.2,17,Slitherine,8126,0,1,25000,211,87,1,,,,,,,,,,,10/12/2017,https://store.steampowered.com/app/660160/Field_of_Glory_II/,Strategy,9/29/2017,https://www.bonusstage.co.uk/2017/09/29/field-of-glory-ii-re,
Nex Machina,84,19.99,6.7,41,Housemarque,4896,0,0,259000,1043,88,1,20000,23000,23000,24000,24000,25000,24000,24000,26000,31000,6/20/2017,https://store.steampowered.com/app/404540/Nex_Machina/,Action,4/11/2017,https://www.alphabetagamer.com/nex-machina-beta-sign-up-stea,Housemarque
Thimbleweed Park,84,19.99,8.1,162,Terrible Toybox,9483,0,0,190000,1598,93,0,,,,,,,,,,,3/30/2017,https://store.steampowered.com/app/569860/Thimbleweed_Park/,Adventure,,,Terrible Toybox
Sonic Mania,84,19.99,8.2,163,SEGA,1762888,1,1,174000,7829,90,0,103000,110000,115000,117000,116000,120000,124000,123000,124000,125000,8/29/2017,https://store.steampowered.com/app/584400/Sonic_Mania/,Adventure,,,SEGA
Rock of Ages 2: Bigger & Boulder,84,14.99,7.8,11,ATLUS USA,192678,0,1,203000,1179,89,0,,,,,,,,,,,8/28/2017,https://store.steampowered.com/app/434460/Rock_of_Ages_2_Bigger__B,Strategy,,,
Gorogoa,84,14.99,8.4,84,Annapurna Interactive,10049,0,0,152000,4472,97,0,35000,45000,47000,48000,50000,49000,50000,51000,56000,57000,12/14/2017,https://store.steampowered.com/app/557600/Gorogoa/,Adventure,,,Buried Signal
The End Is Nigh,84,14.99,7.8,48,Edmund McMillen,6310,0,0,105000,1440,93,0,,,,,,,,,,,7/12/2017,https://store.steampowered.com/app/583470/The_End_Is_Nigh/,Action,,,Edmund McMillen
F1 2018,83,59.99,7.3,29,Codemasters,127620,1,1,165000,751,76,1,57000,61000,66000,71000,77000,81000,82000,86000,91000,99000,8/23/2018,https://store.steampowered.com/app/737800/F1_2018/,Racing,4/12/2018,https://www.alphabetagamer.com/f1-2018-beta-sign-up-ps4-xbox,
FINAL FANTASY XII THE ZODIAC AGE,83,49.99,88,178,Square Enix,1003184,1,1,109000,1623,85,1,,,,,,86000,87000,86000,86000,87000,2/1/2018,https://store.steampowered.com/app/595520/FINAL_FANTASY_XII_THE_ZO,RPG,,https://steamcommunity.com/app/595520/discussions/0/16937850,
Steel Division: Normandy 44,83,39.99,7.5,53,Paradox Interactive,136370,0,0,216000,3263,71,1,,,,,,,,,,,5/23/2017,https://store.steampowered.com/app/572410/Steel_Division_Normandy_,Strategy,3/9/2017,https://www.eugensystems.com/vip-beta-incoming/,
Two Point Hospital,83,34.99,7.4,118,SEGA,1762888,1,0,518000,4856,83,1,198000,440000,440000,454000,440000,451000,437000,399000,393000,391000,8/29/2018,https://store.steampowered.com/app/535930/Two_Point_Hospital/,Simulation,,,
Resident Evil 7: Biohazard,83,29.99,7.7,824,CAPCOM,1187880,1,1,700000,10062,90,0,,,,,,,,,,,1/24/2017,https://store.steampowered.com/app/418370/RESIDENT_EVIL_7_biohazar,Shooter,,,CAPCOM
Hellblade: Senua's Sacrifice,83,29.99,8.1,707,Ninja Theory,51132,0,0,567000,20232,91,0,,,,,,,,,,,8/7/2017,https://store.steampowered.com/app/414340/Hellblade_Senuas_Sacrifi,Adventure,,,Ninja Theory
ULTIMATE MARVEL VS. CAPCOM 3,83,24.99,8.1,22,CAPCOM,1187880,1,1,154000,1400,86,0,,,,,,,,,,,3/6/2017,https://store.steampowered.com/app/357190/ULTIMATE_MARVEL_VS_CAPCO,Action,,,CAPCOM
The Sexy Brutale,83,19.99,7.7,84,Tequila Works,2985,0,0,240000,1390,93,0,,,,,,,,,,,4/11/2017,https://store.steampowered.com/app/552590/The_Sexy_Brutale/,Adventure,,,Tequila Works
Sunset Overdrive,83,19.99,7.5,38,Microsoft Studios,22301,1,0,91000,2220,89,0,39000,55000,58000,59000,61000,75000,82000,82000,84000,84000,11/16/2018,https://store.steampowered.com/app/847370/Sunset_Overdrive/,Action,,,Insomniac Games
The Messenger,83,19.99,7.2,44,Devolver Digital,96192,1,0,86000,1612,95,0,12000,13000,16000,17000,18000,19000,19000,20000,20000,21000,8/30/2018,https://store.steampowered.com/app/764790/The_Messenger/,Action,,,Sabotage
Detention,83,11.99,7.9,74,AGM PLAYISM,40757,0,0,656000,9931,77,1,,,,,,,,,,,1/12/2017,https://store.steampowered.com/app/555220,Adventure,5/14/2016,https://www.alphabetagamer.com/detention-alpha-demo/,
Football Manager 2018,82,49.99,5.6,71,SEGA,1762888,1,1,1582000,3293,58,2,323000,367000,384000,429000,449000,489000,555000,580000,581000,594000,11/9/2017,https://store.steampowered.com/app/624090/Football_Manager_2018/,Simulation,8/15/2017,,
Prey,82,39.99,8,910,Bethesda Softworks,898527,1,0,738000,11466,88,1,,,260000,263000,267000,279000,305000,322000,335000,349000,5/4/2017,https://store.steampowered.com/app/480490/Prey/,Shooter,12/13/2016,,Arkane Studios
TEKKEN 7,82,39.99,6.8,229,BANDAI NAMCO Entertainmen,987828,1,1,616000,12409,82,0,183000,208000,216000,224000,240000,245000,255000,262000,267000,272000,6/1/2017,https://store.steampowered.com/app/389730/TEKKEN_7/,Action,,,BANDAI NAMCO Entertainmen
Killer Instinct,82,39.99,5.8,53,Microsoft Studios,22301,1,0,65000,1381,87,0,,,,,,,,,,,9/27/2017,https://store.steampowered.com/app/577940/Killer_Instinct/,Action,,,Iron Galaxy
The Banner Saga 3,82,24.99,7.7,71,Versus Evil,3521,0,1,31000,637,79,3,13000,13000,13000,14000,14000,15000,15000,15000,16000,19000,7/26/2018,https://store.steampowered.com/app/485460/The_Banner_Saga_3/,RPG,,https://www.kickstarter.com/projects/stoic/banner-saga-3/pos,Stoic
Pyre,82,19.99,7.8,142,Supergiant Games,69054,0,0,574000,4430,90,0,,,,,,,,,,,7/25/2017,https://store.steampowered.com/app/462770/Pyre/,RPG,,,
Battle Chef Brigade,82,19.99,,,Adult Swim Games,274967,0,0,42000,330,96,0,8000,10000,10000,11000,11000,13000,13000,14000,15000,16000,11/20/2017,https://store.steampowered.com/app/452570/Battle_Chef_Brigade/,Adventure,,,Trinket Studios
South Park: The Fractured But Whole,81,59.99,6.6,246,Ubisoft,5622958,1,1,357000,6225,70,0,167000,180000,185000,189000,201000,207000,212000,206000,228000,258000,10/16/2017,https://store.steampowered.com/app/488790/South_Park_The_Fractured,RPG,,,
Ni no Kuni II: Revenant Kingdom,81,59.99,6.8,277,BANDAI NAMCO Entertainmen,987828,1,1,169000,2507,82,0,69000,74000,82000,82000,83000,85000,86000,88000,88000,94000,3/23/2018,https://store.steampowered.com/app/589360/Ni_no_Kuni_II_Revenant_K,RPG,,,
Wreckfest,81,44.99,7.6,122,THQ Nordic,309552,1,0,544000,8972,76,3,337000,396000,501000,507000,508000,508000,508000,487000,490000,494000,6/14/2018,https://store.steampowered.com/app/228380/Wreckfest/,Racing,12/30/2013,https://web.archive.org/web/20140429010713/http://nextcargam,
Torment: Tides of Numenera,81,44.99,7,391,inXile Entertainment,6103,0,1,196000,1262,70,3,,,,,,,,,,,2/27/2017,https://store.steampowered.com/app/272270/Torment_Tides_of_Numener,RPG,,,
UNDER NIGHT IN-BIRTH Exe:Late[st],81,39.99,8.5,4,Arc System Works,21869,0,1,28000,406,93,0,15000,16000,16000,17000,17000,17000,18000,18000,18000,19000,8/20/2018,https://store.steampowered.com/app/801630/UNDER_NIGHT_INBIRTH_ExeL,Action,,,FRENCH-BREAD
Dishonored: Death of the Outsider,81,29.99,7.1,150,Bethesda Softworks,898527,1,1,226000,2331,82,0,76000,78000,84000,86000,90000,89000,88000,85000,101000,140000,9/14/2017,https://store.steampowered.com/app/614570/Dishonored_Death_of_the_,Action,,,Arkane Studios
Pro Evolution Soccer 2018,81,29.99,7.1,136,Konami Digital,2523072,0,1,192000,1217,56,1,,,,,,,,81000,84000,86000,9/13/2017,https://store.steampowered.com/app/592580/PRO_EVOLUTION_SOCCER_201,Sports,,,
Rising Storm 2: Vietnam,81,24.99,7.7,105,Tripwire Interactive,41670,0,1,696000,14791,79,2,262000,276000,290000,311000,322000,326000,331000,340000,337000,349000,5/30/2017,https://store.steampowered.com/app/418460/Rising_Storm_2_Vietnam/,Action,5/20/2017,https://www.pcgamer.com/rising-storm-2-vietnam-is-free-to-pl,
Slime Rancher,81,19.99,7.8,53,Monomi Park,3980,0,0,1078000,20714,96,3,,,,,,,,,,,8/1/2017,https://store.steampowered.com/app/433340/Slime_Rancher/,Adventure,,,Monomi Park
Little Nightmares,81,19.99,8.1,223,BANDAI NAMCO Entertainmen,987828,1,0,501000,6219,88,0,,,,,,,,,,,4/27/2017,https://store.steampowered.com/app/424840/Little_Nightmares/,Adventure,,,Tarsier Studios
Antihero,81,14.99,6.7,15,Versus Evil,3521,0,0,43000,312,84,2,,,,,,,,,,,7/10/2017,https://store.steampowered.com/app/505640/Antihero/,Strategy,,https://versusevil.itch.io/antiherofirstaccess,Tim Conkling
Finding Paradise,81,9.99,8.3,111,Freebird Games,47152,0,1,219000,6089,98,0,,,,,,,,,,,12/14/2017,https://store.steampowered.com/app/337340/Finding_Paradise/,Adventure,,,Freebird Games
Stories Untold,81,9.99,6.9,37,Devolver Digital,96192,1,0,203000,1820,87,0,,,,,,,,,,,2/27/2017,https://store.steampowered.com/app/558420/Stories_Untold/,Adventure,,,No Code
Reigns: Her Majesty,81,2.99,6.9,11,Devolver Digital,96192,1,0,58000,360,86,0,17000,22000,30000,34000,33000,34000,38000,38000,38000,45000,12/6/2017,https://store.steampowered.com/app/717640/Reigns_Her_Majesty/,Simulation,,,
The Evil Within 2,80,59.99,8.9,708,Bethesda Softworks,898527,1,1,216000,5124,91,0,87000,101000,100000,108000,110000,137000,154000,157000,162000,173000,10/12/2017,https://store.steampowered.com/app/601430/The_Evil_Within_2/,Action,,,Tango Gameworks
SOULCALIBUR VI,80,59.99,4.6,128,BANDAI NAMCO Entertainmen,987828,1,1,145000,2413,80,2,89000,107000,110000,107000,111000,119000,119000,124000,130000,131000,10/18/2018,https://store.steampowered.com/app/544750/SOULCALIBUR_VI/,Action,9/28/2018,https://www.primagames.com/games/soul-calibur-vi/news/soul-c,
DRAGON QUEST XI: Echoes of an Elusive,80,59.99,8.8,251,Square Enix,1003184,1,1,143000,2449,91,1,72000,97000,110000,113000,112000,110000,108000,106000,105000,117000,9/4/2018,https://store.steampowered.com/app/742120/DRAGON_QUEST_XI_Echoes_o,RPG,,,
Danganronpa V3: Killing Harmony,80,59.99,7,46,Spike Chunsoft,15132,0,1,103000,3340,84,0,33000,34000,38000,38000,37000,40000,40000,41000,43000,43000,9/27/2017,https://store.steampowered.com/app/567640/Danganronpa_V3_Killing_H,Adventure,,,Spike Chunsoft
DRAGON QUEST HEROES II,80,59.99,7.4,22,Square Enix,1003184,1,1,36000,417,70,0,,,,,13000,12000,15000,15000,17000,18000,4/25/2017,https://store.steampowered.com/app/574050/DRAGON_QUEST_HEROES_II/,RPG,,,
Tales of Berseria,80,49.99,6.2,282,BANDAI NAMCO Entertainmen,987828,1,0,417000,6083,93,0,,,,,,,,,,,1/26/2017,https://store.steampowered.com/app/429660/Tales_of_Berseria/,RPG,,,
Endless Space 2,80,39.99,7.7,114,SEGA,1762888,1,1,568000,7332,82,3,125000,139000,135000,139000,147000,147000,143000,152000,154000,155000,5/18/2017,https://store.steampowered.com/app/392110/Endless_Space_2/,Strategy,10/15/2016,,
Battle Brothers,80,29.99,7.6,61,Overhype Studios,1375,0,0,190000,5399,87,3,,,,,,,,82000,86000,86000,3/24/2017,https://store.steampowered.com/app/365360/Battle_Brothers/,Strategy,,,
Hand of Fate 2,80,29.99,7.1,30,Defiant Development,3246,0,1,157000,2552,86,1,57000,68000,72000,73000,72000,74000,83000,86000,85000,87000,11/7/2017,https://store.steampowered.com/app/456670/Hand_of_Fate_2/,Action,5/20/2017,https://steamcommunity.com/app/456670/di,Defiant Development
Faeria,80,24.99,7.6,30,Versus Evil,3521,0,0,1060000,784,86,3,,,,,,,,,,,3/8/2017,https://store.steampowered.com/app/397060/Faeria/,Strategy,,,Abrakam SA
Overcooked! 2,80,24.99,6.1,14,Team17 Digital,27847,0,1,225000,4167,80,1,34000,40000,51000,60000,69000,65000,66000,72000,79000,93000,8/7/2018,https://store.steampowered.com/app/728880/Overcooked_2/,Adventure,,https://www.facebook.com/Bufarete/posts/overcooked-2-exclusi,Ghost Town Games
Batman: The Enemy Within - The Tell,80,24.99,6.1,40,Telltale Games,257308,0,1,200000,2346,86,1,20000,22000,24000,23000,25000,28000,26000,27000,31000,32000,8/8/2017,https://store.steampowered.com/app/675260/Batman_The_Enemy_Within_,Adventure,7/7/2017,,Telltale Games
Tooth and Tail,80,19.99,7.5,23,Pocketwatch Games,1926,0,0,336000,1728,82,1,32000,36000,35000,36000,38000,39000,42000,42000,42000,52000,9/12/2017,https://store.steampowered.com/app/286000/Tooth_and_Tail/,Strategy,5/23/2016,https://www.alphabetagamer.com/tooth-and-tail-alpha-sign-up/,
LEGO City Undercover,80,19.99,7.9,19,TT Games,167,0,1,112000,590,65,0,,,,,,,,,,,4/4/2017,https://store.steampowered.com/app/578330,Action,,,TT Games
LEGO Marvel Super Heroes 2,80,19.99,7.8,6,WB Games,547880,1,1,75000,841,76,0,,,,,,,,,,,11/14/2017,https://store.steampowered.com/app/647830/LEGO_Marvel_Super_Heroes,Action,,,TT Games
Ultimate Fishing Simulator,80,19.99,,,PlayWay,240642,0,0,48000,1101,83,1,16000,20000,22000,22000,23000,25000,26000,28000,29000,30000,8/30/2018,https://store.steampowered.com/app/468920/Ultimate_Fishing_Simulat,Simulation,9/26/2017,https://ultimate-games.com/beta-tests-for-ultimate-fishing-s,
Darkwood,80,14.99,8.3,58,Acid Wizard Studio,4409,0,0,206000,3661,94,3,81000,81000,81000,84000,92000,92000,95000,92000,95000,100000,8/17/2017,https://store.steampowered.com/app/274520/Darkwood/,RPG,4/24/2014,,
The Red Strings Club,80,14.99,7.6,81,Devolver Digital,96192,1,0,181000,2541,92,0,,,,,,,15000,15000,17000,20000,1/22/2018,https://store.steampowered.com/app/589780/The_Red_Strings_Club/,Adventure,,,Deconstructeam
FAR: Lone Sails,80,14.99,7.7,82,Mixtvision,5609,0,0,159000,2868,92,0,31000,44000,52000,56000,59000,65000,68000,69000,70000,71000,5/17/2018,https://store.steampowered.com/app/609320/FAR_Lone_Sails/,Adventure,,,Okomotive
Flinthook,80,14.99,7.6,21,Tribute Games,4367,0,0,78000,416,75,0,,,,,,,,,,,4/18/2017,https://store.steampowered.com/app/401710/Flinthook/,Action,,,
Nidhogg 2,80,14.99,6.1,15,Messhof,385,0,1,75000,381,78,0,18000,20000,21000,23000,23000,24000,25000,25000,25000,27000,8/15/2017,https://store.steampowered.com/app/535520/Nidhogg_2/,Action,,,Messhof
CRYPTARK,80,14.99,7.2,6,Alientrap,2823,0,0,74000,602,84,3,,,,,,,,,,,6/20/2017,https://store.steampowered.com/app/344740/CRYPTARK/,Action,,,Alientrap
Do Not Feed the Monkeys,80,11.99,8.1,7,Alawar Premium,115,0,0,76000,1199,92,1,34000,35000,36000,37000,39000,44000,49000,49000,53000,54000,10/23/2018,https://store.steampowered.com/app/658850/Do_Not_Feed_the_Monkeys/,Simulation,9/7/2018,https://www.alphabetagamer.com/do-not-feed-the-monkeys-beta-,
Caveblazers,80,9.99,7.9,7,The Yogscast,403938,0,0,163000,1025,88,3,19000,23000,25000,26000,30000,33000,31000,31000,31000,31000,5/24/2017,https://store.steampowered.com/app/452060/Caveblazers/,Action,4/2/2016,,
Kingsway,80,9.99,6.4,5,Adult Swim Games,274967,0,0,60000,523,90,0,12000,17000,18000,21000,21000,25000,25000,28000,30000,32000,7/18/2017,https://store.steampowered.com/app/588950/Kingsway/,RPG,,,
SPACEPLAN,80,2.99,,,Devolver Digital,96192,1,0,40000,1066,91,1,,,,16000,18000,18000,20000,23000,23000,24000,5/3/2017,https://store.steampowered.com/app/616110/SPACEPLAN/,Adventure,,https://www.reddit.com/r/incremental_gam,Jake Hollands
A Hat in Time,79,29.99,7.7,50,Gears for Breakfast,1747,0,0,356000,10091,98,1,52000,60000,66000,65000,67000,70000,74000,76000,81000,81000,10/5/2017,https://store.steampowered.com/app/253230/A_Hat_in_Time/,Adventure,3/7/2015,,Gears for Breakfast
EVERSPACE,79,29.99,7.4,51,ROCKFISH Games,1659,0,0,326000,4117,77,3,,,,,,,,,,,5/25/2017,https://store.steampowered.com/app/396750/EVERSPACE/,Action,,,ROCKFISH Games
Battle Chasers: Nightwar,79,29.99,7.6,71,THQ Nordic,309552,1,0,305000,2542,87,1,55000,65000,66000,65000,67000,68000,67000,67000,70000,76000,10/3/2017,https://store.steampowered.com/app/451020/Battle_Chasers_Nightwar/,RPG,,,
Mega Man 11,79,29.99,7.5,33,CAPCOM,1187880,1,1,75000,1246,92,0,28000,32000,34000,35000,36000,37000,37000,47000,47000,48000,10/2/2018,https://store.steampowered.com/app/742300,Shooter,,,CAPCOM
Fire Pro Wrestling World,79,29.99,6.5,20,Spike Chunsoft,15132,0,0,70000,1205,87,3,40000,40000,40000,42000,42000,42000,40000,42000,44000,44000,12/18/2017,https://store.steampowered.com/app/564230/Fire_Pro_Wrestling_World,Sports,7/11/2017,https://www.destructoid.com/fire-pro-wrestling-world-leaves-,
For The King,79,19.99,7.3,16,Curve Digital,4120,0,0,355000,4337,83,1,180000,208000,215000,227000,234000,240000,242000,245000,246000,249000,4/19/2018,https://store.steampowered.com/app/527230/For_The_King/,Strategy,,http://www.ironoakgames.com/closed-beta-update/,IronOak Games
NARUTO: Ultimate Ninja STORM,79,19.99,4.4,5,BANDAI NAMCO Entertainmen,987828,1,1,146000,714,59,0,,,,,,,,,,,8/25/2017,https://store.steampowered.com/app/495140/NARUTO_Ultimate_Ninja_ST,Action,,https://en.wikipedia.org/wiki/Naruto:_Ultimate_Ninja_Storm#D,CyberConnect2
Heat Signature,79,14.99,7.5,22,Suspicious Developments,107,0,0,249000,3224,93,1,70000,74000,77000,77000,78000,84000,85000,85000,95000,103000,9/21/2017,https://store.steampowered.com/app/268130/Heat_Signature/,Action,5/6/2016,https://www.alphabetagamer.com/heat-signature-alpha-sign-up/,Suspicious Developments
Space Pirate Trainer,79,14.99,,,I-Illusions,0,0,0,178000,1885,95,3,,,,,,,,,,,10/12/2017,https://store.steampowered.com/app/418650/Space_Pirate_Trainer/,Shooter,,,I-Illusions
Late Shift,79,12.99,7.1,27,Wales Interactive,38835,0,0,200000,3989,89,0,,,,,,,,,,,4/18/2017,https://store.steampowered.com/app/584980/Late_Shift/,Adventure,,,CtrlMovie
Cat Quest,79,12.99,7.7,21,PQube Limited,12457,0,0,167000,2154,95,1,,,,,,,,,,,8/8/2017,https://store.steampowered.com/app/593280/Cat_Quest/,RPG,,https://steamcommunity.com/app/593280/discussions/0/14809823,
Minit,79,9.99,7.2,29,Devolver Digital,96192,1,0,39000,559,93,0,7000,8000,8000,12000,12000,13000,14000,14000,14000,15000,4/3/2018,https://store.steampowered.com/app/609490/Minit/,Adventure,,,"JW, Kitty, Jukio, and Dom"
Far Cry 5,78,59.99,6,992,Ubisoft,5622958,1,1,1079000,29640,67,0,703000,941000,964000,996000,978000,752000,772000,778000,770000,765000,3/26/2018,https://store.steampowered.com/app/552520/Far_Cry_5/,Shooter,,,
Sniper Elite 4,78,59.99,7.1,152,Rebellion,14914,0,1,849000,10479,85,0,,,,,,,,,,,2/17/2017,https://store.steampowered.com/app/312660,Shooter,,,Rebellion
DiRT 4,78,59.99,5.8,84,Codemasters,127620,1,1,270000,3589,66,1,46000,50000,53000,55000,59000,64000,67000,61000,65000,68000,6/9/2017,https://store.steampowered.com/app/421020/DiRT_4/,Racing,,,
BATTLETECH,78,39.99,7,313,Paradox Interactive,136370,0,0,617000,6744,71,1,199000,212000,322000,355000,369000,390000,419000,423000,419000,441000,4/24/2018,https://store.steampowered.com/app/637090/BATTLETECH/,Action,3/15/2017,https://www.polygon.com/2017/2/9/14563234/battletech-beta-la,Harebrained Schemes
Star Trek: Bridge Crew,78,39.99,7.6,24,Ubisoft,5622958,1,1,97000,1102,80,1,17000,18000,24000,25000,26000,28000,27000,31000,34000,36000,5/30/2017,https://store.steampowered.com/app/527100/Star_Trek_Bridge_Crew/,Simulation,4/22/2017,,
Mutant Year Zero: Road to Eden,78,34.99,8.1,173,Funcom,14666,0,0,135000,2564,84,0,51000,68000,75000,79000,83000,85000,89000,92000,95000,96000,12/4/2018,https://store.steampowered.com/app/760060/Mutant_Year_Zero_Road_to,Strategy,,,The Bearded Ladies
Insurgency: Sandstorm,78,29.99,8.7,86,Focus Home Interactive,43409,0,1,522000,13942,77,2,168000,227000,274000,281000,296000,307000,321000,343000,392000,422000,12/12/2018,https://store.steampowered.com/app/581320/Insurgency_Sandstorm/,Action,12/4/2018,https://www.pcgamer.com/insurgency-sandstorm-open-beta-begin,
Kenshi,78,29.99,8,90,Lo-Fi Games,7317,0,0,369000,8854,88,3,194000,224000,247000,263000,287000,304000,314000,321000,326000,329000,12/6/2018,https://store.steampowered.com/app/233860/Kenshi/,RPG,4/14/2018,https://www.rockpapershotgun.com/2018/11/19/kenshi-leaves-ea,
Observer,78,29.99,7.8,170,Aspyr Media,13019,0,0,363000,2206,82,0,25000,26000,28000,27000,27000,32000,33000,31000,31000,35000,8/15/2017,https://store.steampowered.com/app/514900/observer/,Adventure,,,Bloober Team SA
RiME,78,29.99,7.1,141,Tequila Works,2985,0,0,160000,1528,90,0,,,,,,,,,,,5/26/2017,https://store.steampowered.com/app/493200/RiME/,Adventure,,,
The Pillars of the Earth,78,29.99,7.6,39,Daedalic Entertainment,109373,1,1,68000,790,93,0,5000,5000,6000,7000,6000,7000,7000,7000,7000,8000,8/15/2017,https://store.steampowered.com/app/234270/Ken_Folletts_The_Pillars,Adventure,,,Daedalic Entertainment
Halo Wars: Definitive Edition,78,19.99,6.7,17,Microsoft Studios,22301,1,1,303000,2365,89,3,,,,,,,,,,,4/20/2017,https://store.steampowered.com/app/459220/Halo_Wars_Definitive_Edi,Strategy,12/20/2016,https://news.xbox.com/en-us/2016/12/20/halo-wars-definitive-,
Vanquish,78,19.99,9,298,SEGA,1762888,1,0,239000,1700,90,0,72000,73000,77000,77000,77000,83000,84000,83000,84000,82000,5/24/2017,https://store.steampowered.com/app/460810/Vanquish/,Shooter,,,Platinum Games
Tree of Life,78,19.99,,,Odd One Games,2085,0,0,167000,5110,65,3,112000,118000,122000,124000,123000,126000,128000,128000,128000,128000,8/17/2017,https://store.steampowered.com/app/361800/Tree_of_Life/,RPG,4/17/2016,https://steamcommunity.com/games/361800/announcements/detail,Odd One Games
X-Morph: Defense,78,19.99,6.5,11,EXOR Studios,4237,0,0,71000,744,92,0,8000,8000,10000,10000,10000,10000,11000,12000,11000,12000,8/30/2017,https://store.steampowered.com/app/408410/XMorph_Defense/,Strategy,,,
Everything,78,14.99,4.9,14,David OReilly,25459,0,0,128000,1687,83,0,,,,,,29000,31000,33000,36000,41000,4/21/2017,https://store.steampowered.com/app/582270/Everything/,Simulation,,,
Laser League,78,14.99,7.5,6,505 Games,126059,0,0,59000,849,86,3,31000,33000,33000,30000,30000,35000,38000,43000,45000,45000,5/10/2018,https://store.steampowered.com/app/570460/Laser_League/,Simulation,,,
Beholder 2,78,14.99,7.9,19,Alawar Premium,115,0,1,56000,984,83,1,27000,35000,36000,40000,42000,43000,44000,47000,47000,47000,12/4/2018,https://store.steampowered.com/app/761620/Beholder_2/,Adventure,7/18/2018,https://steamcommunity.com/games/761620/announcements/detail,Warm Lamp Games
Life is Strange 2,78,7.99,4.8,68,Square Enix,1003184,1,1,187000,4652,81,0,65000,76000,80000,82000,84000,86000,88000,90000,131000,135000,9/26/2018,https://store.steampowered.com/app/532210/Life_is_Strange_2/,Adventure,,,DONTNOD Entertainment
Shadow of the Tomb Raider,77,59.99,6.9,461,Square Enix,1003184,1,1,623000,9653,71,3,159000,266000,280000,285000,285000,289000,295000,298000,295000,299000,9/14/2018,https://store.steampowered.com/app/750920/Shadow_of_the_Tomb_Raide,Action,,https://tombraider.square-enix-games.com/en-us/news/pre-orde,Eidos
Pro Evolution Soccer 2019,77,59.99,6,45,Konami Digital,2523072,0,1,73000,1248,39,1,50000,57000,64000,67000,68000,70000,71000,72000,73000,73000,8/29/2018,https://store.steampowered.com/app/770240/PRO_EVOLUTION_SOCCER_201,Sports,,https://www.konami.com/wepes/mobile/c/cbt/entry/,
WARRIORS OROCHI 4,77,59.99,6.8,6,KOEI TECMO GAMES,235852,0,1,72000,1518,83,0,44000,68000,71000,68000,65000,64000,63000,61000,61000,63000,10/15/2018,https://store.steampowered.com/app/831560/WARRIORS_OROCHI_4__OROCH,Action,,,KOEI TECMO GAMES
"Warhammer 40,000: Dawn of War III",77,39.99,4.5,422,SEGA,1762888,1,1,667000,7039,46,2,,,,237000,246000,243000,242000,257000,263000,265000,4/27/2017,https://store.steampowered.com/app/285190/Warhammer_40000_Dawn_of_,Strategy,4/5/2017,,
Battlestar Galactica Deadlock,77,39.99,7.5,8,Slitherine,8126,0,0,34000,518,77,1,15000,14000,16000,15000,16000,17000,17000,16000,17000,17000,8/31/2017,https://store.steampowered.com/app/544610/Battlestar_Galactica_Dea,Strategy,6/22/2017,https://www.rockpapershotgun.com/2018/01/16/theme-park-seque,
Shadows: Awakening,77,39.99,7.4,40,Kalypso Media Digital,12346,0,0,27000,418,75,1,11000,13000,14000,15000,15000,16000,16000,17000,18000,19000,8/31/2018,https://store.steampowered.com/app/585450/Shadows_Awakening/,RPG,,https://blog.kalypsomedia.com/en/pre-order-shadows-awakening,
Ancestors Legacy,77,34.99,7.4,68,1C Entertainment,8328,0,0,96000,1418,77,1,27000,32000,30000,27000,28000,33000,35000,38000,40000,42000,5/22/2018,https://store.steampowered.com/app/620590/Ancestors_Legacy/,Strategy,,https://destructivecreations.pl/beta/,
Spintires: MudRunner,77,29.99,7.6,24,Focus Home Interactive,43409,0,1,277000,6049,82,0,109000,120000,129000,135000,137000,136000,144000,165000,166000,174000,10/30/2017,https://store.steampowered.com/app/675010/Spintires_MudRunner/,Simulation,,,
Aven Colony,77,29.99,7,4,Team17 Digital,27847,0,0,56000,476,66,1,5000,5000,6000,10000,13000,16000,19000,19000,20000,21000,7/25/2017,https://store.steampowered.com/app/484900/Aven_Colony/,Strategy,6/6/2017,,
Farm Together,77,19.99,6,0,Milkstone Studios,1446,0,0,175000,3438,90,3,92000,95000,97000,98000,98000,106000,117000,117000,117000,125000,10/11/2018,https://store.steampowered.com/app/673950/Farm_Together/,Simulation,,,
Brawlout,77,19.99,,,Angry Mob Games,421,0,0,25000,321,69,1,,,,,,,,,,,4/20/2017,https://store.steampowered.com/app/263720/Brawlout/,Action,12/16/2016,https://en.wikipedia.org/wiki/Brawlout#cite_note-2,Angry Mob Games
Life is Strange: Before the Storm,77,16.99,8.1,214,Square Enix,1003184,1,0,528000,20577,93,0,175000,193000,202000,209000,215000,218000,213000,212000,228000,223000,8/31/2017,https://store.steampowered.com/app/554620/Life_is_Strange_Before_t,Adventure,,,Deck Nine
Day of Infamy,77,14.99,8.5,43,New World Interactive,2009,0,0,799000,13583,84,3,,,,,,,,,,,3/23/2017,https://store.steampowered.com/app/447820/Day_of_Infamy/,Shooter,,,New World Interactive
Bridge Constructor Portal,77,9.99,6.3,30,Headup Games,10321,0,0,330000,1701,89,0,71000,91000,109000,106000,106000,114000,118000,125000,129000,129000,12/20/2017,https://store.steampowered.com/app/684410/Bridge_Constructor_Porta,Strategy,,,
Sine Mora EX,77,9.99,6.6,5,THQ Nordic,309552,1,1,266000,120,71,0,255000,261000,261000,247000,247000,252000,255000,257000,250000,254000,8/8/2017,https://store.steampowered.com/app/606730/Sine_Mora_EX/,Action,,,Digital Reality
Kingdom Come: Deliverance,76,59.99,81,1888,Deep Silver,65688,0,0,1487000,26594,74,3,,,,,,,,655000,659000,669000,2/13/2018,https://store.steampowered.com/app/379430/Kingdom_Come_Deliverance,RPG,,https://www.kingdomcomerpg.com/en/backer-rewards,Warhorse Studios
NBA 2K19,76,59.99,2.6,71,2K,1054908,1,1,325000,6595,27,0,206000,197000,226000,241000,252000,258000,270000,279000,286000,302000,9/10/2018,https://store.steampowered.com/app/841370/NBA_2K19/,Sports,,,
.hack//G.U. Last Recode,76,49.99,7.9,42,BANDAI NAMCO Entertainmen,987828,1,0,88000,1132,87,0,20000,21000,22000,22000,21000,23000,25000,25000,28000,26000,11/7/2017,https://store.steampowered.com/app/525480/hackGU_Last_Recode/,RPG,,,
Crash Bandicoot N. Sane Trilogy,76,39.99,7.8,60,Activision,871716,1,1,173000,1904,93,0,76000,107000,107000,109000,112000,115000,117000,118000,119000,121000,6/29/2018,https://store.steampowered.com/app/731490/Crash_Bandicoot_N_Sane_T,Action,,,Iron Galaxy
Bulletstorm: Full Clip Edition,76,39.99,6.9,43,Gearbox Publishing,521099,0,0,77000,1361,83,0,,,,,,,,,,,4/7/2017,https://store.steampowered.com/app/501590/Bulletstorm_Full_Clip_Ed,Shooter,,,People Can Fly
LEGO DC Super-Villains,76,39.99,8,6,WB Games,547880,1,1,23000,231,85,0,7000,9000,9000,9000,9000,9000,10000,11000,15000,15000,10/16/2018,https://store.steampowered.com/app/829110/LEGO_DC_SuperVillains/,Action,,,TT Games
Outlast 2,76,29.99,6.4,435,Red Barrels,41344,0,1,476000,10443,87,2,,,,,,,,,,,4/25/2017,https://store.steampowered.com/app/414700/Outlast_2/,Action,10/5/2016,https://www.alphabetagamer.com/outlast-2-beta-demo-pc-ps4-xb,
Surviving Mars,76,29.99,6.5,118,Paradox Interactive,136370,0,0,314000,3906,70,1,,,,145000,158000,162000,161000,160000,209000,212000,3/15/2018,https://store.steampowered.com/app/464920/Surviving_Mars/,Strategy,,https://twitter.com/surviving_mars/status/104557595679304499,
Ultimate General: Civil War,76,29.99,7.9,12,Catalyst Game Labs,6767,0,1,118000,2732,85,3,63000,67000,64000,70000,71000,74000,72000,72000,80000,84000,7/14/2017,https://store.steampowered.com/app/502520/Ultimate_General_Civil_W,Strategy,11/16/2016,,
LawBreakers,76,29.99,6.6,152,Nexon,70121,0,0,83000,6933,64,1,62000,66000,69000,70000,73000,75000,93000,95000,78000,80000,8/7/2017,https://store.steampowered.com/app/350280/LawBreakers/,Shooter,3/16/2017,https://www.gamespot.com/articles/the-lawbreakers-closed-bet,Boss Key Productions
Artifact,76,19.99,2.1,569,Valve,1134026,1,0,1318000,16921,49,1,988000,727000,939000,1128000,1170000,1212000,1252000,1268000,1273000,1295000,11/28/2018,,Strategy,11/19/2018,https://www.pcgamer.com/artifacts-open-beta-appears-to-have-,Valve
Tacoma,76,19.99,6.5,92,Fullbright games,98,0,0,325000,1482,86,0,,,,,,,,,,,8/1/2017,https://store.steampowered.com/app/343860/Tacoma/,Adventure,,,Fullbright games
The Walking Dead: The Final Season,76,19.99,7.6,68,Telltale Games,257308,0,1,155000,4381,88,0,52000,61000,64000,66000,67000,79000,94000,95000,96000,97000,8/13/2018,https://store.steampowered.com/app/866800/The_Walking_Dead_The_Fin,Adventure,,,Telltale Games
Hob,76,19.99,7.4,71,Runic Games,3142,0,0,150000,2412,88,0,,,,,,,,,,,9/26/2017,https://store.steampowered.com/app/404680/Hob/,Action,,,Runic Games
FOR HONOR,76,14.99,5.3,712,Ubisoft,5622958,1,0,661000,27984,50,1,,,,,,,,,,,2/14/2017,https://store.steampowered.com/app/304390/FOR_HONOR/,Shooter,12/15/2016,,Ubisoft
Kona,76,14.99,7.3,43,Parabole,1449,0,0,193000,1153,83,3,,,,,,,,,,,3/17/2017,https://store.steampowered.com/app/365160/Kona/,Adventure,,,Parabole
White Noise 2,75.1,9.99,8,4,Milkstone Studios,1446,0,1,117000,1781,82,3,,,,,,,,,,,4/7/2017,https://store.steampowered.com/app/503350/White_Noise_2/,Action,,,Milkstone Studios
The Escapists 2,75,19.99,7.6,26,Team17 Digital,27847,0,1,582000,4957,81,0,,,,,,,,,,,8/21/2017,https://store.steampowered.com/app/641990/The_Escapists_2/,Strategy,,,
Middle-Earth: Shadow of War,75,59.99,3.2,727,WB Games,547880,1,1,998000,10768,75,0,447000,494000,515000,527000,531000,577000,637000,652000,660000,657000,10/9/2017,https://store.steampowered.com/app/356190/Middleearth_Shadow_of_Wa,Action,,,Monolith Productions
Total War Saga: THRONES OF BRITANNIA,75,39.99,5.3,111,SEGA,1762888,1,1,263000,4622,55,2,131000,172000,243000,262000,261000,259000,255000,255000,255000,257000,5/2/2018,https://store.steampowered.com/app/712100/Total_War_Saga_THRONES_O,Strategy,,https://www.totalwar.com/blog/thrones-of-britannia-public-be,
Dungeons 3,75,39.99,7.7,43,Kalypso Media Digital,12346,0,1,216000,5939,94,1,,,,,,,,,,,10/3/2017,https://store.steampowered.com/app/493900/Dungeons_3/,Strategy,8/17/2017,https://steamcommunity.com/games/493900/announcements/detail,
Cold Waters,75,39.99,8.3,18,Killerfish Games,2005,0,0,86000,1530,82,0,,,,,,,,,,,6/5/2017,https://store.steampowered.com/app/541210/Cold_Waters/,Simulation,,,
Absolver,75,29.99,6,78,Devolver Digital,96192,1,0,392000,7864,67,1,133000,136000,134000,138000,136000,133000,135000,137000,143000,137000,8/29/2017,https://store.steampowered.com/app/473690/Absolver/,Action,6/7/2017,https://fextralife.com/absolver-closed-b,Sloclap
Car Mechanic Simulator 2018,75,19.99,6.5,24,PlayWay,240642,0,1,496000,10851,76,1,115000,140000,161000,174000,185000,200000,213000,228000,241000,250000,7/28/2017,https://store.steampowered.com/app/645630/Car_Mechanic_Simulator_2,Simulation,,https://steamcommunity.com/app/645630/discussions/0/14798564,
Ruiner,75,19.99,7.4,109,Devolver Digital,96192,1,0,307000,4587,90,0,33000,35000,36000,38000,43000,39000,41000,52000,60000,70000,9/26/2017,https://store.steampowered.com/app/464060/RUINER/,Action,,,Reikon Games
Last Day of June,75,19.99,7.7,30,505 Games,126059,0,0,251000,1049,90,0,8000,9000,11000,9000,10000,10000,10000,10000,11000,13000,8/31/2017,https://store.steampowered.com/app/635320/Last_Day_of_June/,Adventure,,,Ovosonico
Moonlighter,75,19.99,7.5,95,11 bit studios,21807,0,0,198000,3036,77,1,48000,61000,64000,67000,70000,72000,75000,78000,81000,91000,5/29/2018,https://store.steampowered.com/app/606150/Moonlighter/,RPG,7/3/2017,https://steamcommunity.com/app/606150/discussions/1/13683809,
Neverwinter Nights: Enhanced Edition,75,19.99,5.1,19,Beamdog,6223,0,1,167000,964,75,1,18000,19000,23000,25000,26000,26000,27000,28000,29000,32000,3/27/2018,https://store.steampowered.com/app/704450/Neverwinter_Nights_Enhan,RPG,,https://www.pcgamesn.com/neverwinter-nights-enhanced-edition,
Bomber Crew,75,14.99,7.3,16,Curve Digital,4120,0,0,219000,3749,88,0,65000,75000,81000,82000,88000,94000,94000,99000,104000,116000,10/19/2017,https://store.steampowered.com/app/537800/Bomber_Crew/,Simulation,,,
Block'hood,75,14.99,,,Devolver Digital,96192,1,0,99000,795,74,1,,,65000,63000,59000,61000,63000,60000,64000,65000,5/10/2017,https://store.steampowered.com/app/416210/Blockhood/,Strategy,3/10/2016,https://www.alphabetagamer.com/blockhood,
Donut County,75,12.99,6.3,22,Annapurna Interactive,10049,0,0,59000,1566,83,0,19000,22000,23000,23000,23000,23000,22000,21000,22000,23000,8/28/2018,https://store.steampowered.com/app/702670/Donut_County/,Adventure,,,Ben Esposito
Distrust: a long dark polar survival,75,11.99,7.7,15,Alawar Premium,115,0,0,120000,752,78,0,,,,,,,,,,,8/23/2017,https://store.steampowered.com/app/635200/Distrust_a_Long_Dark_Pol,Strategy,,,
Carcassonne - Tiles & Tactics,75,9.99,,,Asmodee Digital,71262,0,1,94000,201,77,0,,,,,,,,,,,11/29/2017,https://store.steampowered.com/app/598810/Carcassonne__Tiles__Tact,Strategy,,,
FURIDASHI: Drift Cyber Sport,74.9,14.99,7.5,4,Drift Physics Crew,2615,0,0,210000,684,82,1,2000,2000,2000,2000,3000,3000,3000,3000,3000,3000,11/2/2017,https://store.steampowered.com/app/658570/FURIDASHI_Drift_Cyber_Sp,Racing,,http://store.steampowered.com/news/exter,
X-Plane 11,74.8,59.99,7,,Laminar Research,55308,0,1,166000,2296,81,2,,,,,,,,,,,3/30/2017,https://store.steampowered.com/app/269950/XPlane_11/,Simulation,11/25/2016,https://en.wikipedia.org/wiki/X-Plane_(simulator),
Ballistic Overkill,74.5,11.99,5.8,5,Aquiris Game Studio,18668,0,0,218000,5292,76,3,,,,,,,,,,,3/28/2017,https://store.steampowered.com/app/296300/Ballistic_Overkill/,Action,,,Aquiris Game Studio
Railway Empire,74,49.99,6.5,36,Kalypso Media Digital,12346,0,0,221000,2620,79,1,,,,,,,,,,61000,1/26/2018,https://store.steampowered.com/app/503940/Railway_Empire/,Strategy,11/6/2017,https://steamcommunity.com/app/503940/discussions/0/31833450,
Expeditions: Viking,74,29.99,8,91,THQ Nordic,309552,1,0,138000,1562,82,1,,,,,,,,,,,4/27/2017,https://store.steampowered.com/app/445190/Expeditions_Viking/,RPG,1/18/2017,Expeditions: Viking,
Oriental Empires,74,29.99,6.5,12,Iceberg Interactive,5719,0,0,67000,1342,78,1,24000,25000,26000,30000,34000,36000,35000,36000,36000,38000,9/14/2017,https://store.steampowered.com/app/357310/Oriental_Empires/,Strategy,4/21/2017,https://www.alphabetagamer.com/oriental-empires-beta-sign-up,
The Swords of Ditto,74,19.99,6.7,12,Devolver Digital,96192,1,0,77000,1079,50,0,22000,25000,30000,32000,32000,32000,33000,34000,39000,40000,4/24/2018,https://store.steampowered.com/app/619780/The_Swords_of_Ditto/,Action,,,
Forts,74,14.99,,,EarthWork Games,630,0,0,327000,1657,80,1,,,,,,,,,,,4/19/2018,https://store.steampowered.com/app/410900/Forts/,Strategy,11/12/2016,https://www.alphabetagamer.com/forts-beta-sign-up/,
Bladed Fury,74,9.99,8.3,11,NEXT Studios,84,0,0,155000,1217,83,0,49000,120000,124000,133000,140000,149000,153000,152000,153000,153000,12/18/2018,https://store.steampowered.com/app/927250/Bladed_Fury/,Action,,,NEXT Studios
Gold Rush: The Game,73.8,19.99,3.4,7,PlayWay,240642,0,0,264000,4412,62,1,,,,,,,,,,,10/13/2017,https://store.steampowered.com/app/451340/Gold_Rush_The_Game/,Simulation,,https://www.facebook.com/goldrushthegame/posts/many-people-w,
Call of Duty: WWII,73,59.99,3.3,636,Activision,871716,1,1,972000,12014,54,1,416000,553000,625000,659000,688000,715000,725000,773000,844000,868000,11/2/2017,https://store.steampowered.com/app/476600/Call_of_Duty_WWII/,Shooter,8/25/2017,https://www.callofduty.com/wwii/beta,Sledgehammer Games
Toukiden 2,73,59.99,6.9,31,KOEI TECMO GAMES,235852,0,1,41000,790,78,0,,,,,,,,,,,3/21/2017,https://store.steampowered.com/app/551730/Toukiden_2/,Action,,,KOEI TECMO GAMES
SpellForce 3,73,49.99,7.7,132,THQ Nordic,309552,1,1,252000,1791,70,1,61000,71000,82000,81000,82000,84000,85000,85000,87000,90000,12/7/2017,https://store.steampowered.com/app/311290/SpellForce_3/,RPG,5/19/2017,https://www.thqnordic.com/article/spellf,
Strange Brigade,73,49.99,5.2,23,Rebellion,14914,0,0,65000,942,77,1,16000,34000,35000,37000,38000,39000,39000,40000,41000,43000,8/27/2018,https://store.steampowered.com/app/312670/Strange_Brigade/,Shooter,,http://www.deathbybeta.com/2017/06/20/strange-brigade-testin,Rebellion
Pathfinder: Kingmaker,73,39.99,7.3,301,Deep Silver,65688,0,0,289000,6111,70,1,131000,151000,161000,166000,167000,171000,172000,175000,179000,212000,9/25/2018,https://store.steampowered.com/app/640820,RPG,4/7/2018,https://www.facebook.com/PathfinderCRPG/posts/our-beta-is-up,
Yooka-Laylee,73,39.99,6.5,311,Team17 Digital,27847,0,0,220000,1553,79,1,,,,,,,,,,,4/11/2017,https://store.steampowered.com/app/360830/YookaLaylee/,Adventure,,https://www.polygon.com/2016/7/28/12313122/yooka-laylee-demo,Playtonic Games
Phantom Doctrine,73,39.99,7.4,103,Good Shepherd Entertainme,6352,0,0,69000,1401,72,0,32000,38000,39000,39000,39000,40000,40000,41000,41000,43000,8/14/2018,https://store.steampowered.com/app/559100,RPG,,,
Farming Simulator 19,73,34.99,6.5,38,Focus Home Interactive,43409,0,1,626000,5952,76,0,264000,263000,263000,268000,277000,288000,298000,331000,411000,416000,11/19/2018,https://store.steampowered.com/app/787860/Farming_Simulator_19/,Simulation,,,
Starpoint Gemini Warlords,73,34.99,7.1,20,Iceberg Interactive,5719,0,0,162000,2114,72,3,,,,,,,,,,,5/3/2017,https://store.steampowered.com/app/419480,Simulation,,,
Home Sweet Home,73,16.99,5.8,8,YGGDRAZIL GROUP,7555,0,0,91000,1001,85,0,9000,13000,14000,14000,16000,16000,15000,18000,20000,20000,9/27/2017,https://store.steampowered.com/app/617160/Home_Sweet_Home/,Adventure,,,YGGDRAZIL GROUP
Domina,73,9.99,6.8,17,DolphinBarn,0,0,0,376000,4121,87,3,,,,,,,,,,,4/3/2017,https://store.steampowered.com/app/535230/Domina/,Strategy,,https://www.pcgamer.com/managing-a-team-of-gladiators-to-cru,
Vampyr,72,49.99,6.9,359,Focus Home Interactive,43409,0,0,264000,4375,71,0,98000,112000,127000,146000,150000,157000,163000,168000,181000,187000,6/4/2018,https://store.steampowered.com/app/427290,RPG,,,
The Surge,72,39.99,6.9,215,Focus Home Interactive,43409,0,0,192000,3061,74,1,,52000,54000,56000,59000,60000,65000,65000,67000,69000,5/15/2017,https://store.steampowered.com/app/378540/The_Surge/,Action,,https://steamdb.info/sub/70393/,Deck13
Styx: Shards of Darkness,72,39.99,7.6,89,Focus Home Interactive,43409,0,1,185000,1281,81,0,,,,,,,,,,28000,3/14/2017,https://store.steampowered.com/app/355790/Styx_Shards_of_Darkness/,Action,,,Cyanide Studio
Dead Rising 4,72,39.99,5.1,44,CAPCOM,1187880,1,1,155000,1193,48,0,,,,,,,,,,37000,3/14/2017,https://store.steampowered.com/app/543460/Dead_Rising_4/,Shooter,,,CAPCOM
Marvel's Guardians of the Galaxy: The,72,24.99,5.5,35,Telltale Games,257308,0,1,127000,1449,86,0,,,,,,,,,,,4/18/2017,https://store.steampowered.com/app/579950/Marvels_Guardians_of_the,Adventure,,,Telltale Games
Portal Knights,72,19.99,8.1,16,505 Games,126059,0,0,732000,10338,81,3,526000,531000,519000,525000,535000,545000,550000,562000,574000,579000,5/18/2017,https://store.steampowered.com/app/374040/Portal_Knights/,RPG,4/2/2016,,Keen Games
Portal Knights,72,19.99,8.1,16,505 Games,126059,0,0,732000,10338,81,3,526000,531000,519000,525000,535000,545000,550000,562000,574000,579000,5/18/2017,https://store.steampowered.com/app/374040/Portal_Knights/,RPG,4/2/2016,,
Tales from Candlekeep: Tomb of Anni,72,15.99,,,BKOM Studios,1841,0,0,59000,1036,78,0,7000,7000,9000,10000,9000,10000,11000,10000,12000,18000,10/10/2017,https://store.steampowered.com/app/663380/Tales_from_Candlekeep_To,RPG,,,
Dream Daddy: A Dad Dating Simulator,72,14.99,7.7,90,Game Grumps,18845,0,0,367000,3001,88,0,,,,,,,,,,,7/20/2017,https://store.steampowered.com/app/654880/Dream_Daddy_A_Dad_Dating,Simulation,,https://www.youtube.com/watch?v=5ct1j-43_Cc,
Black The Fall,72,14.99,7,24,Square Enix,1003184,1,0,273000,253,77,3,4000,4000,4000,5000,5000,4000,5000,5000,5000,6000,7/11/2017,https://store.steampowered.com/app/308060/Black_The_Fall/,Adventure,3/16/2017,,Sand Sailor Studio
Tower 57,72,11.99,6.8,11,11 bit studios,21807,0,0,70000,257,70,1,,,,,,,,,,,11/16/2017,https://store.steampowered.com/app/530950/Tower_57/,Shooter,,https://www.kickstarter.com/projects/514621648/tower-57,Pixwerk
Kingdoms and Castles,72,9.99,7.4,19,Lion Shield,2490,0,0,653000,7053,84,1,,,,,,,,,,,7/20/2017,https://store.steampowered.com/app/569480/Kingdoms_and_Castles/,Strategy,4/28/2017,https://www.fig.co/campaigns/kingdoms-and-castles/updates/31,
"Warhammer 40,000: Gladius - Relics of",71,44.99,7.6,21,Slitherine,8126,0,1,89000,1070,77,1,55000,55000,56000,56000,57000,59000,59000,60000,61000,61000,7/12/2018,https://store.steampowered.com/app/489630/Warhammer_40000_Gladius_,Strategy,,http://slitherine.com/beta/cnda.asp?gid=701,
The Bard's Tale IV: Barrows Deep,71,34.99,6.7,81,inXile Entertainment,6103,0,1,43000,630,63,1,21000,25000,27000,30000,32000,33000,33000,33000,34000,38000,9/18/2018,https://store.steampowered.com/app/566090/The_Bards_Tale_IV_Barrow,RPG,7/12/2018,https://www.kickstarter.com/projects/inxile/the-bards-tale-i,
LEGO Worlds,71,29.99,6.3,58,WB Games,547880,1,1,648000,10231,76,3,,,,,,,,,,,3/7/2017,https://store.steampowered.com/app/332310/LEGO_Worlds/,Action,1/28/2017,,TT Games
Pro Cycling Manager 2017,71,29.99,6.4,5,Focus Home Interactive,43409,0,1,65000,199,61,1,11000,17000,21000,26000,28000,33000,36000,38000,39000,41000,6/15/2017,https://store.steampowered.com/app/525920/Pro_Cycling_Manager_2017,Sports,,http://pcmdaily.com/news.php?readmore=1115,
GET EVEN,71,29.99,7.6,65,BANDAI NAMCO Entertainmen,987828,1,0,26000,311,77,0,5000,8000,7000,7000,7000,8000,9000,8000,10000,10000,6/20/2017,https://store.steampowered.com/app/299950/GET_EVEN/,Shooter,,,The Farm 51
Dreamfall Chapters,71,24.99,7.7,324,Red Thread Games,8312,0,1,298000,2286,82,2,,,,,,,,,,,7/21/2017,https://store.steampowered.com/app/237850/Dreamfall_Chapters/,Adventure,,https://forum.redthreadgames.com/forum/topic/1191-how-to-ena,
Road Redemption,71,19.99,7.5,26,Tripwire Interactive,41670,0,0,312000,4733,81,3,131000,138000,133000,135000,137000,136000,140000,142000,148000,148000,10/4/2017,https://store.steampowered.com/app/300380/Road_Redemption/,Racing,4/14/2014,,
Snake Pass,71,19.99,7.7,34,Curve Digital,4120,0,0,279000,587,87,0,,,,,,,,,,,3/28/2017,https://store.steampowered.com/app/544330/Snake_Pass/,Adventure,,,Sumo Digital
Death's Gambit,71,19.99,7,60,Adult Swim Games,274967,0,0,82000,1320,71,1,44000,45000,46000,47000,47000,47000,48000,48000,49000,51000,8/14/2018,https://store.steampowered.com/app/356650,Action,8/6/2018,https://deathsgambit.wiki.fextralife.com/Beta,White Rabbit
Heliborne,71,19.99,,,Klabater,2022,0,0,74000,1523,79,3,34000,37000,38000,40000,41000,43000,42000,41000,41000,48000,10/12/2017,https://store.steampowered.com/app/433530/Heliborne/,Simulation,2/15/2016,https://steamcommunity.com/games/433530/announcements/detail,
Conarium,71,19.99,7,9,Iceberg Interactive,5719,0,0,40000,488,80,0,,,,,,,,,7000,10000,6/6/2017,https://store.steampowered.com/app/313780/Conarium/,Adventure,,,Zoetrope Interactive
Beat Cop,71,14.99,7.5,56,11 bit studios,21807,0,0,171000,1425,83,1,,,,,,,,,,,3/30/2017,https://store.steampowered.com/app/461950/Beat_Cop/,Adventure,,https://steamcommunity.com/app/461950/discussions/0/13326049,Pixel Crow
Pinstripe,71,14.99,7.6,22,Armor Games,1315217,0,0,123000,787,89,1,,,,,,,,,,,4/24/2017,https://store.steampowered.com/app/331480/Pinstripe/,Adventure,,https://www.kickstarter.com/projects/80348891/pinstripe-an-a,Thomas Brush
Minecraft: Story Mode,71,14.99,,,Telltale Games,257308,0,1,66000,1150,89,0,,,,,,,,,,,7/11/2017,https://store.steampowered.com/app/639170/Minecraft_Story_Mode__Se,Adventure,,,Telltale Games
Darksiders III,70,59.99,7.5,378,THQ Nordic,309552,1,1,118000,2755,69,0,87000,96000,99000,101000,104000,107000,109000,110000,112000,114000,11/27/2018,https://store.steampowered.com/app/606280/Darksiders_III/,Action,,,Gunfire Games
Sudden Strike 4,70,49.99,7.4,53,Kalypso Media Digital,12346,0,1,102000,2622,70,3,37000,42000,43000,47000,48000,53000,58000,58000,52000,58000,8/11/2017,https://store.steampowered.com/app/373930/Sudden_Strike_4/,Strategy,5/22/2017,https://steamcommunity.com/games/373930/announcements/detail,
WRC 7 FIA World Rally Championship,70,39.99,7.2,31,Bigben Interactive,22641,0,1,38000,516,68,0,6000,7000,7000,7000,9000,11000,12000,11000,12000,13000,9/15/2017,https://store.steampowered.com/app/621830/WRC_7_FIA_World_Rally_Ch,Racing,,,
Castle Story,70,24.99,4,10,Sauropod Studio,17583,0,0,281000,4215,54,3,,,,,,,,,,,8/17/2017,https://store.steampowered.com/app/227860/Castle_Story/,Strategy,,,
IL-2 Sturmovik: Cliffs of Dover Blitz,70,24.99,8.1,8,1C Entertainment,8328,0,1,225000,315,60,0,,,,,,,,,,,12/14/2017,https://store.steampowered.com/app/754530/IL2_Sturmovik_Cliffs_of_,Simulation,,,
Yonder: The Cloud Catcher Chronicle,70,24.99,6.7,30,Prideful Sloth,12457,0,0,106000,1867,82,0,,31000,33000,33000,34000,35000,34000,36000,41000,42000,7/16/2017,https://store.steampowered.com/app/580200/Yonder_The_Cloud_Catcher,Adventure,,,Prideful Sloth
Scythe: Digital Edition,70,19.99,,,Asmodee Digital,71262,0,1,183000,340,71,3,6000,6000,9000,11000,11000,11000,12000,13000,13000,13000,9/5/2018,https://store.steampowered.com/app/718560/Scythe_Digital_Edition/,Strategy,,,
Sundered,70,19.99,6.6,18,Thunder Lotus,2919,0,0,39000,678,79,1,16000,20000,20000,21000,21000,20000,23000,21000,21000,23000,7/28/2017,https://store.steampowered.com/app/535480/Sundered/,Action,5/16/2017,,Thunder Lotus
Tokyo 42,70,19.99,7,18,Mode 7,2664,0,0,32000,272,73,0,,,,,,,,,11000,11000,5/31/2017,https://store.steampowered.com/app/490450/Tokyo_42/,Action,,,SMAC Games
Immortal Redneck,70,19.95,7.1,25,Crema,109372,0,0,151000,960,92,0,,,,,,,,,,,4/25/2017,https://store.steampowered.com/app/595140/Immortal_Redneck/,Action,,,Crema
Tokyo Dark,70,17.99,6.2,17,Square Enix,1003184,1,0,26000,467,91,0,9000,10000,11000,12000,11000,11000,11000,11000,11000,12000,9/7/2017,https://store.steampowered.com/app/687260/Tokyo_Dark/,Adventure,,,Cherrymochi
Tales from Candlekeep: Tomb of Annihi,70,15.99,5.5,4,BKOM Studios,1841,0,1,129000,1224,77,0,,,,,,,,,,,10/11/2017,https://store.steampowered.com/app/663380/Tales_from_Candlekeep_To,RPG,,,
Streets of Rogue,70,14.99,8.6,12,tinyBuild,117971,0,0,339000,3676,95,3,,,,,,,,,,,3/10/2017,https://store.steampowered.com/app/512900,Action,,https://steamcommunity.com/games/512900/announcements/detail,Matt Dabrowski
Mr. Shifty,70,14.99,7.3,8,tinyBuild,117971,0,0,231000,596,88,2,,,,,,,,,,,4/13/2017,https://store.steampowered.com/app/489140/Mr_Shifty/,Action,2/13/2017,https://www.alphabetagamer.com/mr-shifty-beta-download/,
MONOPOLY PLUS,70,14.99,5.3,19,Ubisoft,5622958,1,1,102000,1004,41,0,6000,7000,8000,10000,10000,11000,9000,10000,12000,12000,9/7/2017,https://store.steampowered.com/app/562810/MONOPOLY_PLUS/,Strategy,,,
Crossing Souls,70,14.99,6.4,33,Devolver Digital,96192,1,0,67000,622,83,1,,,,,8000,8000,9000,10000,10000,13000,2/13/2018,https://store.steampowered.com/app/331690/Crossing_Souls/,Action,2/9/2018,https://www.alphabetagamer.com/crossing-souls-beta-demo/,Fourattic
BREAK ARTS II,70,14.99,,,AGM PLAYISM,40757,0,0,34000,439,73,1,,,,,,,,,,,2/9/2017,https://store.steampowered.com/app/547360/BREAK_ARTS_II/,Action,,,MercuryStudio
Iris.Fall,70,14.99,6.7,10,NEXT Studios,84,0,0,34000,581,87,0,9000,13000,13000,13000,13000,14000,14000,14000,16000,17000,12/7/2018,https://store.steampowered.com/app/907470/IrisFall/,Adventure,,,NEXT Studios
STAY,70,11.99,7.1,17,PQube Limited,12457,0,0,40000,293,69,0,8000,8000,8000,8000,9000,9000,9000,9000,9000,9000,5/16/2018,https://store.steampowered.com/app/753230,Adventure,,,Appnormals Team
Passpartout: The Starving Artist,70,9.99,,,Flamebait Games,501,0,0,296000,1843,78,1,,,,,,,,,,,6/6/2017,https://store.steampowered.com/app/582550/Passpartout_The_Starving,Simulation,5/1/2017,https://www.steamkiwi.com/article=124291/passpartout-closed-,
Tom Clancy's Ghost Recon Wildlands,69,59.99,6.2,470,Ubisoft,5622958,1,1,1010000,20838,74,2,,,,,,,,,,,3/7/2017,https://store.steampowered.com/app/460930/Tom_Clancys_Ghost_Recon_,Action,2/23/2017,,
MY HERO ONE'S JUSTICE,69,59.99,7,14,BANDAI NAMCO Entertainmen,987828,1,1,133000,625,81,0,14000,17000,18000,20000,22000,22000,22000,23000,28000,31000,10/25/2018,https://store.steampowered.com/app/748360/MY_HERO_ONES_JUSTICE/,Action,,,Byking Inc.
Sword Art Online: Hollow Realizatio,69,49.99,7.7,13,BANDAI NAMCO Entertainmen,987828,1,1,148000,2587,78,0,26000,34000,36000,40000,40000,48000,49000,49000,51000,53000,10/27/2017,https://store.steampowered.com/app/607890/Sword_Art_Online_Hollow_,RPG,,,
Marvel vs. Capcom: Infinite,69,39.99,5.1,50,CAPCOM,1187880,1,1,64000,827,56,0,26000,29000,30000,34000,33000,32000,32000,33000,36000,37000,9/19/2017,https://store.steampowered.com/app/493840/Marvel_vs_Capcom_Infinit,Action,,,CAPCOM
"Warhammer 40,000: Sanctus Reach",69,29.99,7.4,22,Slitherine,8126,0,1,45000,574,85,2,,,,,,,,,,,1/19/2017,https://store.steampowered.com/app/502370,Strategy,,http://www.slitherine.com/forum/viewforum.php?f=437,
Hover,69,19.99,8.7,9,Dear Villagers,5246,0,0,71000,1003,83,3,,,,,,,,,,,5/31/2017,https://store.steampowered.com/app/280180/Hover/,Action,,,Midgar Studio
"Warhammer 40,000: Space Wolf",69,17.99,6.1,8,HeroCraft,78045,0,1,50000,520,74,3,20000,23000,21000,23000,27000,25000,28000,27000,27000,29000,9/21/2017,https://store.steampowered.com/app/553210/Warhammer_40000_Space_Wo,Strategy,3/24/2017,https://steamcommunity.com/games/553210/announcements/detail,HeroCraft
AER Memories of Old,69,14.99,6.6,21,Daedalic Entertainment,109373,1,0,72000,696,86,0,3000,4000,4000,3000,4000,4000,5000,6000,7000,8000,10/25/2017,https://store.steampowered.com/app/331870/AER_Memories_of_Old/,Adventure,,,Forgotten Key
Just Cause 4,68,59.99,5.1,253,Square Enix,1003184,1,1,87000,3589,35,0,51000,54000,60000,65000,65000,66000,69000,70000,71000,72000,12/4/2018,https://store.steampowered.com/app/517630,Shooter,,,Avalanche Studios
Conan Exiles,68,39.99,6.4,113,Funcom,14666,0,1,950000,23233,68,3,671000,754000,780000,806000,835000,844000,848000,859000,861000,868000,5/8/2018,https://store.steampowered.com/app/440900/Conan_Exiles/,RPG,,https://www.conanexiles.com/blog/we-are-live-conan-exiles-ha,Funcom
The Long Journey Home,68,39.99,7.2,27,Daedalic Entertainment,109373,1,0,80000,828,64,1,17000,19000,20000,22000,25000,25000,24000,24000,24000,22000,5/30/2017,https://store.steampowered.com/app/366910/The_Long_Journey_Home/,Strategy,1582-10-14,https://www.rockpapershotgun.com/2017/04,
Agents of Mayhem,68,29.99,5.4,92,Deep Silver,65688,0,0,127000,2140,59,0,30000,34000,34000,34000,33000,32000,33000,38000,44000,47000,8/15/2017,https://store.steampowered.com/app/304530/Agents_of_Mayhem/,Shooter,,,Deep Silver
Seven: The Days Long Gone,68,29.99,7.2,57,IMGN.PRO,3010,0,0,34000,372,77,0,8000,9000,10000,10000,10000,11000,11000,11000,14000,15000,12/1/2017,http://seven-game.com/en,RPG,,,
Blitzkrieg 3,68,19.99,,13,Nival,3979,0,1,75000,2794,58,3,51000,52000,52000,54000,56000,57000,61000,57000,57000,61000,6/6/2017,https://store.steampowered.com/app/235380/Blitzkrieg_3/,Strategy,5/7/2015,,
Crawl,68,14.99,8.2,22,Powerhoof,3496,0,0,394000,2862,96,3,,,,,,,,,,,4/11/2017,https://store.steampowered.com/app/293780/Crawl/,Action,,,Powerhoof
911 Operator,68,14.99,7.7,21,PlayWay,240642,0,0,389000,3915,82,1,,,,,,,,,,,2/24/2017,https://store.steampowered.com/app/503560/911_Operator/,Simulation,10/24/2016,https://steamcommunity.com/app/503560/discussions/0/34041262,
ELEX,67,49.99,6.9,1109,THQ Nordic,309552,1,0,507000,6095,71,1,107000,118000,123000,130000,136000,138000,138000,149000,151000,164000,10/17/2017,https://store.steampowered.com/app/411300/ELEX/,RPG,,https://steamdb.info/sub/81994/,
Call of Cthulhu,67,44.99,7,128,Focus Home Interactive,43409,0,1,160000,1695,73,0,38000,48000,54000,58000,70000,72000,74000,75000,81000,84000,11/29/2018,https://store.steampowered.com/app/399810/Call_of_Cthulhu/,RPG,,,
Boundless,67,39.99,6,12,Square Enix,1003184,1,0,41000,815,74,3,30000,40000,41000,41000,41000,41000,41000,41000,41000,41000,9/11/2018,https://store.steampowered.com/app/324510/Boundless/,RPG,,,Wonderstruck
White Day: A Labyrinth Named School,67,29.99,6.3,15,PQube Limited,12457,0,0,45000,686,65,0,5000,5000,5000,6000,6000,8000,7000,7000,7000,8000,8/22/2017,https://store.steampowered.com/app/466130/White_Day_A_Labyrinth_Na,Action,,,SONNORI Corp
Danganronpa Another Episode: Ultra De,67,29.99,7.1,24,Spike Chunsoft,15132,0,1,45000,911,91,0,9000,11000,13000,15000,14000,14000,15000,17000,21000,23000,6/27/2017,https://store.steampowered.com/app/555950/Danganronpa_Another_Epis,Action,,,Spike Chunsoft
Red Faction Guerrilla Re-Mars-tered,67,19.99,5.8,19,THQ Nordic,309552,1,1,202000,1048,76,0,51000,100000,104000,107000,115000,122000,128000,147000,148000,148000,7/3/2018,https://store.steampowered.com/app/667720/Red_Faction_Guerrilla_Re,Shooter,,,Volition
Scanner Sombre,67,9.99,6.4,13,Introversion Software,70354,0,0,278000,546,88,0,,,,,5000,5000,7000,8000,10000,10000,4/26/2017,https://store.steampowered.com/app/475190/Scanner_Sombre/,Adventure,,,Introversion Software
The Crew 2,66,59.99,4.4,146,Ubisoft,5622958,1,1,238000,5134,54,1,67000,73000,74000,74000,70000,70000,70000,71000,72000,74000,6/28/2018,https://store.steampowered.com/app/646910/The_Crew_2/,Racing,5/16/2018,https://www.ign.com/articles/2018/05/17/closed-beta-for-the-,
WWE 2K19,66,59.99,4.6,24,2K,1054908,1,1,144000,703,62,0,12000,12000,12000,12000,13000,13000,26000,28000,28000,30000,10/8/2018,https://store.steampowered.com/app/817130/WWE_2K19/,Sports,,https://pokde.net/gaming/wwe-2k19-early-access-worldwide/,
NARUTO TO BORUTO: SHINOBI STRIKER,66,49.99,7.6,18,BANDAI NAMCO Entertainmen,987828,1,1,135000,1605,52,1,28000,36000,41000,43000,43000,43000,45000,45000,46000,46000,8/31/2018,https://store.steampowered.com/app/633230/NARUTO_TO_BORUTO_SHINOBI,Action,12/15/2017,https://www.bandainamcoent.com/news/naruto-to-boruto-shinobi,Soleil Ltd.
The LEGO NINJAGO Movie Video Game,66,39.99,6.5,13,WB Games,547880,1,1,22000,158,81,0,2000,2000,3000,5000,5000,7000,6000,7000,9000,11000,9/22/2017,https://store.steampowered.com/app/640590/The_LEGO_NINJAGO_Movie_V,Action,,,TT Games
Vikings - Wolves of Midgard,66,29.99,7.1,53,Kalypso Media Digital,12346,0,0,183000,2021,55,0,,,,,,,,,,,3/24/2017,https://store.steampowered.com/app/404590/Vikings__Wolves_of_Midga,RPG,,,
Bounty Train,66,24.99,,,Daedalic Entertainment,109373,1,0,72000,463,71,3,22000,23000,23000,23000,26000,28000,29000,28000,29000,29000,5/16/2017,https://store.steampowered.com/app/371520/Bounty_Train/,Simulation,8/26/2015,,
Diluvion: Resubmerged,66,19.99,6.3,27,Good Shepherd Entertainme,6352,0,0,214000,746,68,1,,,,,,41000,45000,45000,49000,50000,2/2/2017,https://store.steampowered.com/app/446790,Action,,https://www.kickstarter.com/projects/1075607244/diluvion,Arachnid Games
Rain World,66,19.99,7.6,45,Adult Swim Games,274967,0,0,152000,1368,86,3,,,,,,,,,28000,38000,3/28/2017,https://store.steampowered.com/app/312520/Rain_World/,Adventure,,https://www.kickstarter.com/projects/rain-world/project-rain,Videocult
Holy Potatoes! Were in Space?!,66,14.99,6.1,16,Daedalic Entertainment,109373,1,1,271000,262,74,0,,,,,231000,242000,252000,256000,259000,269000,2/14/2017,https://store.steampowered.com/app/505730/Holy_Potatoes_Were_in_Sp,Adventure,,,Daylight Studios
This Is the Police 2,66,14.99,6.6,54,THQ Nordic,309552,1,1,83000,2116,64,0,40000,52000,55000,60000,60000,61000,63000,63000,63000,64000,7/31/2018,https://store.steampowered.com/app/785740/This_Is_the_Police_2/,Strategy,,,
Life is Feudal: Forest Village,65,24.99,6.8,6,Bitbox Ltd,328,0,1,157000,2864,62,3,,,,,,,,,,,5/16/2017,https://store.steampowered.com/app/496460/Life_is_Feudal_Forest_Vi,Strategy,,,
Thief Simulator,65,19.99,8,17,PlayWay,240642,0,0,115000,1999,77,1,43000,58000,66000,70000,75000,85000,95000,99000,99000,104000,11/9/2018,https://store.steampowered.com/app/704850/Thief_Simulator/,Simulation,10/10/2018,https://steamcommunity.com/app/704850/discussions/0/17354674,
ATOMEGA,65,9.99,,,Ubisoft,5622958,1,0,31000,569,78,0,7000,9000,10000,10000,11000,12000,15000,15000,15000,33000,9/19/2017,https://store.steampowered.com/app/619880/ATOMEGA/,Shooter,,,Ubisoft
WWE 2K18,64,59.99,3.1,29,2K,1054908,1,1,375000,1361,49,3,16000,18000,18000,19000,20000,21000,25000,25000,28000,29000,10/17/2017,https://store.steampowered.com/app/664430/WWE_2K18/,Sports,,https://support.2k.com/hc/en-us/articles/115008775548-Here-s,
The Hunter: Call of the Wild,64,29.99,7.4,50,Avalanche Studios,14375,0,0,779000,16624,78,1,,,,,,,,,,,2/16/2017,https://store.steampowered.com/app/518790/theHunter_Call_of_the_Wi,Simulation,11/30/2016,,
The Council,64,29.99,7.3,32,Focus Home Interactive,43409,0,0,88000,1178,83,0,9000,11000,11000,12000,13000,14000,14000,15000,22000,25000,3/13/2018,https://store.steampowered.com/app/287630/The_Council/,Adventure,,,Big Bad Wolf
STRAFE,64,14.99,5.3,34,Devolver Digital,96192,1,1,225000,1170,74,3,,30000,27000,26000,27000,64000,101000,119000,124000,135000,5/9/2017,https://store.steampowered.com/app/442780/STRAFE_Millennium_Editio,Action,,https://www.kickstarter.com/projects/strafegame/strafe,Pixel Titans
Serial Cleaner,64,14.99,7.4,16,Curve Digital,4120,0,0,109000,127,85,0,3000,5000,5000,4000,6000,7000,7000,6000,7000,7000,7/14/2017,https://store.steampowered.com/app/522210/Serial_Cleaner/,Action,,,iFun4All S.A.
Rise & Shine,64,14.99,6,33,Adult Swim Games,274967,0,0,70000,336,72,0,,,,,,,,,,,1/13/2017,https://store.steampowered.com/app/347290/Rise__Shine/,Action,,,Super Mega Team
Redeemer,64,14.99,7.4,19,Good Shepherd Entertainme,6352,0,0,35000,405,80,0,9000,9000,10000,10000,11000,11000,11000,12000,13000,13000,8/1/2017,https://store.steampowered.com/app/447290/Redeemer/,Shooter,,,Sobaka Studio
Youtubers Life,63,24.99,7,24,U-Play Online,38767,0,0,624000,8081,71,3,,,,,,,,,,,2/2/2017,https://store.steampowered.com/app/428690/Youtubers_Life/,Simulation,,,
Murderous Pursuits,63,19.99,6.8,4,Blazing Griffin,27587,0,1,716000,240,69,2,4000,6000,7000,8000,9000,9000,10000,10000,12000,13000,4/26/2018,https://store.steampowered.com/app/638070/Murderous_Pursuits/,Simulation,4/20/2018,https://www.rockpapershotgun.com/2018/04/20/chase-murderous-,
We Happy Few,62,59.99,5.3,133,Gearbox Publishing,521099,0,0,157000,3513,70,3,135000,140000,143000,145000,146000,146000,147000,147000,148000,149000,8/10/2018,https://store.steampowered.com/app/320240/We_Happy_Few/,Action,,,Compulsion Games
Urban Empire,62,29.99,5.1,35,Kalypso Media Digital,12346,0,0,88000,1759,35,0,,,,,,,,,,,1/20/2017,https://store.steampowered.com/app/352550/Urban_Empire/,Strategy,,,
Take On Mars,62,26.99,7.6,13,Bohemia Interactive,35905,0,0,92000,1387,56,3,,,,,72000,74000,73000,76000,76000,76000,2/9/2017,https://store.steampowered.com/app/244030/Take_On_Mars/,Simulation,,https://www.pcgamesn.com/take-on-mars/take-on-mars-launches-,
"Cook, Serve, Delicious! 2!!",62,12.99,8,10,Vertigo Gaming,2853,0,1,178000,1125,88,1,,,,,,,,,,,9/13/2017,https://store.steampowered.com/app/386620/Cook_Serve_Delicious_2/,Simulation,8/16/2017,http://chubigans.tumblr.com/post/164563985504/cook-serve-del,
Friday the 13th: The Game,61,39.99,5.8,183,Gun Media,968,0,0,661000,19437,71,1,155000,184000,195000,218000,232000,234000,236000,261000,260000,270000,5/26/2017,https://store.steampowered.com/app/438740/Friday_the_13th_The_Game,Action,12/21/2016,5.820201459,
Constructor,60,29.99,5.5,4,System 3,9230,0,0,29000,416,71,0,,,,,,,,,,,5/26/2017,https://store.steampowered.com/app/579020/Constructor/,Strategy,,,
Space Pirates and Zombies 2,60,19.99,,,MinMax Games,6296,0,1,143000,1937,79,3,73000,73000,76000,74000,75000,77000,76000,77000,77000,77000,11/9/2017,https://store.steampowered.com/app/252470/Space_Pirates_And_Zombie,Action,5/6/2016,,MinMax Games
Starship Corporation,60,19.99,,,Iceberg Interactive,5719,0,0,55000,309,52,3,9000,9000,9000,9000,9000,9000,9000,9000,9000,9000,5/3/2018,https://store.steampowered.com/app/292330/Starship_Corporation/,Strategy,,,
Megaton Rainfall,60,15.99,,,Pentadimensional Games,763,0,0,57000,777,72,0,2000,2000,2000,2000,2000,3000,3000,4000,8000,12000,11/17/2017,https://store.steampowered.com/app/430210/Megaton_Rainfall/,Action,,,Pentadimensional Games
WILL: A Wonderful World,60,14.99,,,AGM PLAYISM,40757,0,0,117000,2932,94,0,,,,,,,,,,,6/6/2017,https://store.steampowered.com/app/588040/WILL_A_Wonderful_World__,Adventure,,,WMY Studio
Circle Empires,60,7.99,,,Iceberg Interactive,5719,0,0,143000,752,84,2,24000,25000,27000,28000,29000,29000,30000,31000,32000,33000,8/8/2018,https://store.steampowered.com/app/834740/Circle_Empires/,Strategy,9/20/2016,https://www.alphabetagamer.com/circle-empires-alpha-download,
Micro Machines World Series,59,29.99,3.8,31,Codemasters,127620,1,0,51000,173,24,1,5000,5000,4000,5000,6000,5000,5000,5000,4000,6000,6/29/2017,https://store.steampowered.com/app/535850/Micro_Machines_World_Ser,Racing,,,
Sniper Ghost Warrior 3,59,19.99,6.2,182,CI Games,6141,0,1,401000,3456,52,2,,,,,,,,,,,4/24/2017,https://store.steampowered.com/app/368070/Sniper_Ghost_Warrior_3/,Action,2/3/2017,https://www.pcgamer.com/sniper-ghost-warrior-3-open-beta-is-,
Sonic Forces,57,39.99,7,598,SEGA,1762888,1,1,130000,2620,68,0,16000,20000,21000,20000,20000,20000,25000,28000,30000,27000,11/7/2017,https://store.steampowered.com/app/637100/Sonic_Forces/,Action,,,Sonic Team
Secret of Mana,57,39.99,7.3,33,Square Enix,1003184,1,1,87000,1193,63,0,,,,30000,29000,30000,32000,32000,32000,39000,2/15/2018,https://store.steampowered.com/app/637670/Secret_of_Mana/,RPG,,,
Forged Battalion,56,19.99,,,Team17 Digital,27847,0,0,119000,544,71,3,30000,31000,32000,37000,45000,50000,55000,58000,66000,70000,8/14/2018,https://store.steampowered.com/app/686260/Forged_Battalion/,Strategy,,https://www.team17.com/forged-battalion-leaves-early-access-,
NOBUNAGA'S AMBITION: Taishi,55,59.99,,,KOEI TECMO GAMES,235852,0,1,96000,316,35,0,,,,,,,,,,,11/29/2017,https://store.steampowered.com/app/628890/NOBUNAGAS_AMBITION_Taish,Strategy,,,
BERSERK and the Band of the Hawk,54,59.99,6.4,27,KOEI TECMO GAMES,235852,0,0,42000,1037,78,0,,,,,,,,,,,2/21/2017,https://store.steampowered.com/app/502280/BERSERK_and_the_Band_of_,Action,,,KOEI TECMO GAMES
INSOMNIA: The Ark,54,29.99,6.7,22,HeroCraft,78045,0,0,55000,588,63,1,38000,39000,39000,41000,41000,42000,42000,42000,42000,43000,9/27/2018,https://store.steampowered.com/app/783170/INSOMNIA_The_Ark/,RPG,6/3/2018,https://www.thetechgame.com/News/sid=15274/studio-mono-annou,
FlatOut 4: Total Insanity,52,29.99,6.1,24,Strategy First,19011,0,1,131000,679,51,0,,,,,,,,,,,4/4/2017,https://store.steampowered.com/app/402130/FlatOut_4_Total_Insanity,Racing,,,
Realpolitiks,52,24.99,6.2,22,1C Entertainment,8328,0,0,40000,527,57,0,,,,,,,,,,,2/16/2017,https://store.steampowered.com/app/553260/Realpolitiks/,Strategy,,,
Niche - a genetics survival game,50,17.99,,,Stray Fawn Studio,970,0,0,115000,1934,87,3,63000,65000,65000,67000,66000,65000,66000,67000,66000,68000,9/15/2017,https://store.steampowered.com/app/440650/Niche__a_genetics_surviv,Strategy,2/22/2017,,
CHRONO TRIGGER,50,14.99,2.6,15,Square Enix,1003184,1,0,156000,1312,73,1,,,11000,12000,12000,14000,17000,19000,25000,26000,2/27/2018,https://store.steampowered.com/app/613830/CHRONO_TRIGGER/,RPG,,http://www.cot.drackir.com/FAQ.htm,
Pathfinder Adventures,50,14.99,,,Asmodee Digital,71262,0,1,132000,360,67,1,5000,7000,8000,8000,9000,9000,9000,9000,9000,10000,6/15/2017,https://store.steampowered.com/app/480640/Pathfinder_Adventures/,Strategy,,,Obsidian Entertainment
Strategy & Tactics: Dark Ages,50,14.99,,,HeroCraft,78045,0,0,46000,125,68,3,,,,,,,,,,,8/4/2017,https://store.steampowered.com/app/508300/Strategy__Tactics_Dark_A,Strategy,,https://forum.quartertothree.com/t/strategy-tactics-dark-age,
Syberia 3,48,29.99,6.2,45,Microids,80156,0,1,118000,970,48,0,,,,,,34000,38000,38000,40000,43000,4/20/2017,https://store.steampowered.com/app/464340/Syberia_3/,Adventure,,,Microids
Ultimate Epic Battle Simulator,45,14.99,7.5,,Brilliant Game Studios,2898,0,0,325000,3883,67,3,152000,156000,157000,161000,170000,177000,174000,183000,189000,198000,6/4/2017,https://store.steampowered.com/app/616560/Ultimate_Epic_Battle_Sim,Simulation,4/12/2017,,
Husk,44,19.99,3.8,13,IMGN.PRO,3010,0,0,169000,66,66,0,,,,,,163000,162000,165000,160000,169000,2/3/2017,https://store.steampowered.com/app/553960/Husk/,Action,,,UndeadScout
Hello Neighbor,38,29.99,4.5,143,tinyBuild,117971,0,0,202000,1568,72,3,45000,51000,57000,56000,59000,59000,63000,66000,65000,66000,12/8/2017,https://store.steampowered.com/app/521890/Hello_Neighbor/,Adventure,,https://www.helloneighborgame.com/kopiya-buy-pre-alpha-1,Dynamic Pixels
Overgrowth,72,29.99,,,Wolfire Games,1850,0,0,572000,2734,75,3,268000,263000,260000,258000,270000,270000,266000,266000,271000,278000,10/16/2017,https://store.steampowered.com/app/25000/Overgrowth/,Action,,https://www.pcgamer.com/overgrowth-is-leaving-early-access-n,Wolfire Games
GRIS,66,16.99,,,Devolver Digital,96192,1,0,188000,4882,96,0,54000,88000,121000,137000,152000,156000,164000,175000,184000,186000,12/13/2018,https://store.steampowered.com/app/683320/GRIS/,Adventure,,,Nomada Studio
BATTALION 1944,,14.99,,,Square Enix,1003184,1,0,380000,6581,51,1,116000,149000,159000,161000,165000,167000,169000,166000,166000,166000,2/1/2018,https://store.steampowered.com/app/489940/BATTALION_1944/,Action,1/20/2018,https://steamcommunity.com/games/489940/announcements/detail,Bulkhead Interactive
20XX,,14.99,,,Batterystaple Games,55,0,0,167000,2009,93,3,77000,82000,79000,78000,82000,80000,75000,78000,81000,80000,8/16/2017,https://store.steampowered.com/app/322110/20XX/,Action,9/6/2016,,
Witch It,,14.99,,,Daedalic Entertainment,109373,1,0,135000,2198,89,3,8000,9000,10000,15000,15000,16000,18000,21000,22000,25000,5/31/2017,https://store.steampowered.com/app/559650/Witch_It/,Adventure,,,Barrel Roll Games
Interplanetary: Enhanced Edition,,14.99,,,Team17 Digital,27847,0,0,114000,155,81,0,,,,,,,,,,,8/2/2017,https://store.steampowered.com/app/650220/Interplanetary_Enhanced_,Strategy,,,
Fragmented,,9.99,,,Above and Beyond Technolo,721,0,0,110000,1403,42,3,,,,,,,,,,,8/15/2017,https://store.steampowered.com/app/441790/Fragmented/,RPG,,,
Village of Adventurers 2,,9.99,,,Paradise Project,0,0,1,33000,169,74,0,,,,,,,,,,,11/28/2017,https://store.steampowered.com/app/727090/Village_of_Adventurers_2,Adventure,,,Tamamo Studio
Dark Elf,,3.99,9,1,Paradise Project,0,0,0,335000,2561,89,0,,,,,,,,,,,8/3/2017,https://store.steampowered.com/app/665180/Dark_Elf/,RPG,,,ONEONE1
The Heiress,,3.99,,,Paradise Project,0,0,0,251000,991,87,0,,,,,,,,,,,8/11/2017,https://store.steampowered.com/app/680320/The_Heiress/,RPG,,,ONEONE1
Dragon Knight,,3.99,,,Paradise Project,0,0,0,130000,2045,77,3,,,,,,,92000,107000,108000,111000,2/9/2018,https://store.steampowered.com/app/508190/Dragon_Knight/,RPG,,,D.K Studio
